path,emotion
data/training/Actor_16/03-02-04-01-02-02-16_sad.wav,sad
data/training/Actor_16/03-02-04-02-01-01-16_sad.wav,sad
data/training/Actor_16/16_02_01_02_kids-talking_sad.wav,sad
data/training/Actor_16/16_02_02_01_dogs-sitting_sad.wav,sad
data/training/Actor_16/03-02-04-01-01-02-16_sad.wav,sad
data/training/Actor_16/03-02-04-02-02-01-16_sad.wav,sad
data/training/Actor_16/16_02_02_02_kids-talking_sad.wav,sad
data/training/Actor_16/16_02_01_01_dogs-sitting_sad.wav,sad
data/training/Actor_16/16_02_01_02_dogs-sitting_sad.wav,sad
data/training/Actor_16/16_02_02_01_kids-talking_sad.wav,sad
data/training/Actor_16/03-02-04-02-02-02-16_sad.wav,sad
data/training/Actor_16/16_02_02_02_dogs-sitting_sad.wav,sad
data/training/Actor_16/16_02_01_01_kids-talking_sad.wav,sad
data/training/Actor_16/03-02-04-01-01-01-16_sad.wav,sad
data/training/Actor_16/03-02-04-02-01-02-16_sad.wav,sad
data/training/Actor_16/03-02-04-01-02-01-16_sad.wav,sad
data/training/Actor_11/11_02_01_02_kids-talking_sad.wav,sad
data/training/Actor_11/11_02_02_01_dogs-sitting_sad.wav,sad
data/training/Actor_11/11_01_02_01_kids-talking_sad.wav,sad
data/training/Actor_11/11_01_01_02_dogs-sitting_sad.wav,sad
data/training/Actor_11/03-02-04-01-01-01-11_sad.wav,sad
data/training/Actor_11/03-02-04-02-02-02-11_sad.wav,sad
data/training/Actor_11/11_01_01_01_kids-talking_sad.wav,sad
data/training/Actor_11/11_01_02_02_dogs-sitting_sad.wav,sad
data/training/Actor_11/03-02-04-01-02-01-11_sad.wav,sad
data/training/Actor_11/11_02_02_02_kids-talking_sad.wav,sad
data/training/Actor_11/11_02_01_01_dogs-sitting_sad.wav,sad
data/training/Actor_11/03-02-04-02-01-02-11_sad.wav,sad
data/training/Actor_11/11_02_01_02_dogs-sitting_sad.wav,sad
data/training/Actor_11/11_02_02_01_kids-talking_sad.wav,sad
data/training/Actor_11/03-02-04-02-01-01-11_sad.wav,sad
data/training/Actor_11/03-02-04-01-02-02-11_sad.wav,sad
data/training/Actor_11/03-02-04-02-02-01-11_sad.wav,sad
data/training/Actor_11/11_01_02_01_dogs-sitting_sad.wav,sad
data/training/Actor_11/11_01_01_02_kids-talking_sad.wav,sad
data/training/Actor_11/03-02-04-01-01-02-11_sad.wav,sad
data/training/Actor_11/11_01_01_01_dogs-sitting_sad.wav,sad
data/training/Actor_11/11_01_02_02_kids-talking_sad.wav,sad
data/training/Actor_11/11_02_02_02_dogs-sitting_sad.wav,sad
data/training/Actor_11/11_02_01_01_kids-talking_sad.wav,sad
data/training/Actor_18/18_01_02_02_dogs-sitting_sad.wav,sad
data/training/Actor_18/18_01_01_01_kids-talking_sad.wav,sad
data/training/Actor_18/18_01_01_02_dogs-sitting_sad.wav,sad
data/training/Actor_18/18_01_02_01_kids-talking_sad.wav,sad
data/training/Actor_18/18_01_02_02_kids-talking_sad.wav,sad
data/training/Actor_18/18_01_01_01_dogs-sitting_sad.wav,sad
data/training/Actor_18/18_01_01_02_kids-talking_sad.wav,sad
data/training/Actor_18/18_01_02_01_dogs-sitting_sad.wav,sad
data/training/Actor_20/03-02-04-02-01-01-20_sad.wav,sad
data/training/Actor_20/03-02-04-01-02-02-20_sad.wav,sad
data/training/Actor_20/03-02-04-02-02-01-20_sad.wav,sad
data/training/Actor_20/20_01_02_01_dogs-sitting_sad.wav,sad
data/training/Actor_20/20_01_01_02_kids-talking_sad.wav,sad
data/training/Actor_20/03-02-04-01-01-02-20_sad.wav,sad
data/training/Actor_20/20_01_01_01_dogs-sitting_sad.wav,sad
data/training/Actor_20/20_01_02_02_kids-talking_sad.wav,sad
data/training/Actor_20/20_01_02_01_kids-talking_sad.wav,sad
data/training/Actor_20/20_01_01_02_dogs-sitting_sad.wav,sad
data/training/Actor_20/03-02-04-01-01-01-20_sad.wav,sad
data/training/Actor_20/03-02-04-02-02-02-20_sad.wav,sad
data/training/Actor_20/20_01_01_01_kids-talking_sad.wav,sad
data/training/Actor_20/20_01_02_02_dogs-sitting_sad.wav,sad
data/training/Actor_20/03-02-04-01-02-01-20_sad.wav,sad
data/training/Actor_20/03-02-04-02-01-02-20_sad.wav,sad
data/training/Actor_21/21_01_02_02_kids-talking_sad.wav,sad
data/training/Actor_21/21_01_01_01_dogs-sitting_sad.wav,sad
data/training/Actor_21/03-02-04-02-02-01-21_sad.wav,sad
data/training/Actor_21/03-02-04-01-01-02-21_sad.wav,sad
data/training/Actor_21/03-02-04-02-01-01-21_sad.wav,sad
data/training/Actor_21/03-02-04-01-02-02-21_sad.wav,sad
data/training/Actor_21/21_01_01_02_kids-talking_sad.wav,sad
data/training/Actor_21/21_01_02_01_dogs-sitting_sad.wav,sad
data/training/Actor_21/21_01_02_02_dogs-sitting_sad.wav,sad
data/training/Actor_21/21_01_01_01_kids-talking_sad.wav,sad
data/training/Actor_21/03-02-04-01-02-01-21_sad.wav,sad
data/training/Actor_21/03-02-04-02-01-02-21_sad.wav,sad
data/training/Actor_21/03-02-04-01-01-01-21_sad.wav,sad
data/training/Actor_21/21_01_01_02_dogs-sitting_sad.wav,sad
data/training/Actor_21/03-02-04-02-02-02-21_sad.wav,sad
data/training/Actor_21/21_01_02_01_kids-talking_sad.wav,sad
data/training/Actor_26/26_01_01_01_keep_sad.wav,sad
data/training/Actor_26/26_01_01_01_fall_sad.wav,sad
data/training/Actor_26/26_01_01_01_bath_sad.wav,sad
data/training/Actor_26/26_01_01_01_date_sad.wav,sad
data/training/Actor_26/26_01_01_01_calm_sad.wav,sad
data/training/Actor_26/26_01_01_01_have_sad.wav,sad
data/training/Actor_26/26_01_01_01_nice_sad.wav,sad
data/training/Actor_26/26_01_01_01_five_sad.wav,sad
data/training/Actor_26/26_01_01_01_hash_sad.wav,sad
data/training/Actor_26/26_01_01_01_rat_sad.wav,sad
data/training/Actor_26/26_01_01_01_germ_sad.wav,sad
data/training/Actor_26/26_01_01_01_ripe_sad.wav,sad
data/training/Actor_26/26_01_01_01_goal_sad.wav,sad
data/training/Actor_26/26_01_01_01_mess_sad.wav,sad
data/training/Actor_26/26_01_01_01_sail_sad.wav,sad
data/training/Actor_26/26_01_01_01_laud_sad.wav,sad
data/training/Actor_26/26_01_01_01_limb_sad.wav,sad
data/training/Actor_26/26_01_01_01_gin_sad.wav,sad
data/training/Actor_26/26_01_01_01_nag_sad.wav,sad
data/training/Actor_26/26_01_01_01_cheek_sad.wav,sad
data/training/Actor_26/26_01_01_01_chalk_sad.wav,sad
data/training/Actor_26/26_01_01_01_youth_sad.wav,sad
data/training/Actor_26/26_01_01_01_bean_sad.wav,sad
data/training/Actor_26/26_01_01_01_talk_sad.wav,sad
data/training/Actor_26/26_01_01_01_whip_sad.wav,sad
data/training/Actor_26/26_01_01_01_tape_sad.wav,sad
data/training/Actor_26/26_01_01_01_when_sad.wav,sad
data/training/Actor_26/26_01_01_01_king_sad.wav,sad
data/training/Actor_26/26_01_01_01_came_sad.wav,sad
data/training/Actor_26/26_01_01_01_hire_sad.wav,sad
data/training/Actor_26/26_01_01_01_red_sad.wav,sad
data/training/Actor_26/26_01_01_01_late_sad.wav,sad
data/training/Actor_26/26_01_01_01_chair_sad.wav,sad
data/training/Actor_26/26_01_01_01_chat_sad.wav,sad
data/training/Actor_26/26_01_01_01_bite_sad.wav,sad
data/training/Actor_26/26_01_01_01_keg_sad.wav,sad
data/training/Actor_26/26_01_01_01_neat_sad.wav,sad
data/training/Actor_26/26_01_01_01_gaze_sad.wav,sad
data/training/Actor_26/26_01_01_01_page_sad.wav,sad
data/training/Actor_26/26_01_01_01_hole_sad.wav,sad
data/training/Actor_26/26_01_01_01_home_sad.wav,sad
data/training/Actor_26/26_01_01_01_sour_sad.wav,sad
data/training/Actor_26/26_01_01_01_sub_sad.wav,sad
data/training/Actor_26/26_01_01_01_said_sad.wav,sad
data/training/Actor_26/26_01_01_01_name_sad.wav,sad
data/training/Actor_26/26_01_01_01_chain_sad.wav,sad
data/training/Actor_26/26_01_01_01_puff_sad.wav,sad
data/training/Actor_26/26_01_01_01_raise_sad.wav,sad
data/training/Actor_26/26_01_01_01_room_sad.wav,sad
data/training/Actor_26/26_01_01_01_shawl_sad.wav,sad
data/training/Actor_26/26_01_01_01_mill_sad.wav,sad
data/training/Actor_26/26_01_01_01_hit_sad.wav,sad
data/training/Actor_26/26_01_01_01_pool_sad.wav,sad
data/training/Actor_26/26_01_01_01_should_sad.wav,sad
data/training/Actor_26/26_01_01_01_hush_sad.wav,sad
data/training/Actor_26/26_01_01_01_fat_sad.wav,sad
data/training/Actor_26/26_01_01_01_wag_sad.wav,sad
data/training/Actor_26/26_01_01_01_bar_sad.wav,sad
data/training/Actor_26/26_01_01_01_food_sad.wav,sad
data/training/Actor_26/26_01_01_01_love_sad.wav,sad
data/training/Actor_26/26_01_01_01_tip_sad.wav,sad
data/training/Actor_26/26_01_01_01_young_sad.wav,sad
data/training/Actor_26/26_01_01_01_wheat_sad.wav,sad
data/training/Actor_26/26_01_01_01_pass_sad.wav,sad
data/training/Actor_26/26_01_01_01_door_sad.wav,sad
data/training/Actor_26/26_01_01_01_ring_sad.wav,sad
data/training/Actor_26/26_01_01_01_juice_sad.wav,sad
data/training/Actor_26/26_01_01_01_merge_sad.wav,sad
data/training/Actor_26/26_01_01_01_soup_sad.wav,sad
data/training/Actor_26/26_01_01_01_cool_sad.wav,sad
data/training/Actor_26/26_01_01_01_ton_sad.wav,sad
data/training/Actor_26/26_01_01_01_time_sad.wav,sad
data/training/Actor_26/26_01_01_01_deep_sad.wav,sad
data/training/Actor_26/26_01_01_01_lid_sad.wav,sad
data/training/Actor_26/26_01_01_01_live_sad.wav,sad
data/training/Actor_26/26_01_01_01_sell_sad.wav,sad
data/training/Actor_26/26_01_01_01_book_sad.wav,sad
data/training/Actor_26/26_01_01_01_jail_sad.wav,sad
data/training/Actor_26/26_01_01_01_cause_sad.wav,sad
data/training/Actor_26/26_01_01_01_search_sad.wav,sad
data/training/Actor_26/26_01_01_01_vote_sad.wav,sad
data/training/Actor_26/26_01_01_01_tire_sad.wav,sad
data/training/Actor_26/26_01_01_01_mop_sad.wav,sad
data/training/Actor_26/26_01_01_01_reach_sad.wav,sad
data/training/Actor_26/26_01_01_01_haze_sad.wav,sad
data/training/Actor_26/26_01_01_01_south_sad.wav,sad
data/training/Actor_26/26_01_01_01_keen_sad.wav,sad
data/training/Actor_26/26_01_01_01_knock_sad.wav,sad
data/training/Actor_26/26_01_01_01_long_sad.wav,sad
data/training/Actor_26/26_01_01_01_soap_sad.wav,sad
data/training/Actor_26/26_01_01_01_check_sad.wav,sad
data/training/Actor_26/26_01_01_01_mouse_sad.wav,sad
data/training/Actor_26/26_01_01_01_pad_sad.wav,sad
data/training/Actor_26/26_01_01_01_yes_sad.wav,sad
data/training/Actor_26/26_01_01_01_luck_sad.wav,sad
data/training/Actor_26/26_01_01_01_goose_sad.wav,sad
data/training/Actor_26/26_01_01_01_such_sad.wav,sad
data/training/Actor_26/26_01_01_01_burn_sad.wav,sad
data/training/Actor_26/26_01_01_01_pearl_sad.wav,sad
data/training/Actor_26/26_01_01_01_choice_sad.wav,sad
data/training/Actor_26/26_01_01_01_pick_sad.wav,sad
data/training/Actor_26/26_01_01_01_loaf_sad.wav,sad
data/training/Actor_26/26_01_01_01_near_sad.wav,sad
data/training/Actor_26/26_01_01_01_rough_sad.wav,sad
data/training/Actor_26/26_01_01_01_mood_sad.wav,sad
data/training/Actor_26/26_01_01_01_shack_sad.wav,sad
data/training/Actor_26/26_01_01_01_wire_sad.wav,sad
data/training/Actor_26/26_01_01_01_shout_sad.wav,sad
data/training/Actor_26/26_01_01_01_hurl_sad.wav,sad
data/training/Actor_26/26_01_01_01_raid_sad.wav,sad
data/training/Actor_26/26_01_01_01_gun_sad.wav,sad
data/training/Actor_26/26_01_01_01_chief_sad.wav,sad
data/training/Actor_26/26_01_01_01_learn_sad.wav,sad
data/training/Actor_26/26_01_01_01_rose_sad.wav,sad
data/training/Actor_26/26_01_01_01_perch_sad.wav,sad
data/training/Actor_26/26_01_01_01_jug_sad.wav,sad
data/training/Actor_26/26_01_01_01_read_sad.wav,sad
data/training/Actor_26/26_01_01_01_doll_sad.wav,sad
data/training/Actor_26/26_01_01_01_judge_sad.wav,sad
data/training/Actor_26/26_01_01_01_lose_sad.wav,sad
data/training/Actor_26/26_01_01_01_lore_sad.wav,sad
data/training/Actor_26/26_01_01_01_pain_sad.wav,sad
data/training/Actor_26/26_01_01_01_life_sad.wav,sad
data/training/Actor_26/26_01_01_01_gas_sad.wav,sad
data/training/Actor_26/26_01_01_01_dab_sad.wav,sad
data/training/Actor_26/26_01_01_01_beg_sad.wav,sad
data/training/Actor_26/26_01_01_01_rag_sad.wav,sad
data/training/Actor_26/26_01_01_01_dip_sad.wav,sad
data/training/Actor_26/26_01_01_01_sure_sad.wav,sad
data/training/Actor_26/26_01_01_01_wash_sad.wav,sad
data/training/Actor_26/26_01_01_01_dog_sad.wav,sad
data/training/Actor_26/26_01_01_01_mode_sad.wav,sad
data/training/Actor_26/26_01_01_01_which_sad.wav,sad
data/training/Actor_26/26_01_01_01_wife_sad.wav,sad
data/training/Actor_26/26_01_01_01_vine_sad.wav,sad
data/training/Actor_26/26_01_01_01_dime_sad.wav,sad
data/training/Actor_26/26_01_01_01_kite_sad.wav,sad
data/training/Actor_26/26_01_01_01_pike_sad.wav,sad
data/training/Actor_26/26_01_01_01_met_sad.wav,sad
data/training/Actor_26/26_01_01_01_turn_sad.wav,sad
data/training/Actor_26/26_01_01_01_note_sad.wav,sad
data/training/Actor_26/26_01_01_01_hate_sad.wav,sad
data/training/Actor_26/26_01_01_01_dead_sad.wav,sad
data/training/Actor_26/26_01_01_01_kick_sad.wav,sad
data/training/Actor_26/26_01_01_01_half_sad.wav,sad
data/training/Actor_26/26_01_01_01_seize_sad.wav,sad
data/training/Actor_26/26_01_01_01_make_sad.wav,sad
data/training/Actor_26/26_01_01_01_voice_sad.wav,sad
data/training/Actor_26/26_01_01_01_size_sad.wav,sad
data/training/Actor_26/26_01_01_01_base_sad.wav,sad
data/training/Actor_26/26_01_01_01_jar_sad.wav,sad
data/training/Actor_26/26_01_01_01_bought_sad.wav,sad
data/training/Actor_26/26_01_01_01_sheep_sad.wav,sad
data/training/Actor_26/26_01_01_01_moon_sad.wav,sad
data/training/Actor_26/26_01_01_01_shirt_sad.wav,sad
data/training/Actor_26/26_01_01_01_week_sad.wav,sad
data/training/Actor_26/26_01_01_01_gap_sad.wav,sad
data/training/Actor_26/26_01_01_01_take_sad.wav,sad
data/training/Actor_26/26_01_01_01_back_sad.wav,sad
data/training/Actor_26/26_01_01_01_walk_sad.wav,sad
data/training/Actor_26/26_01_01_01_tough_sad.wav,sad
data/training/Actor_26/26_01_01_01_rot_sad.wav,sad
data/training/Actor_26/26_01_01_01_shall_sad.wav,sad
data/training/Actor_26/26_01_01_01_ditch_sad.wav,sad
data/training/Actor_26/26_01_01_01_tool_sad.wav,sad
data/training/Actor_26/26_01_01_01_fail_sad.wav,sad
data/training/Actor_26/26_01_01_01_get_sad.wav,sad
data/training/Actor_26/26_01_01_01_rain_sad.wav,sad
data/training/Actor_26/26_01_01_01_phone_sad.wav,sad
data/training/Actor_26/26_01_01_01_rush_sad.wav,sad
data/training/Actor_26/26_01_01_01_join_sad.wav,sad
data/training/Actor_26/26_01_01_01_lean_sad.wav,sad
data/training/Actor_26/26_01_01_01_void_sad.wav,sad
data/training/Actor_26/26_01_01_01_boat_sad.wav,sad
data/training/Actor_26/26_01_01_01_match_sad.wav,sad
data/training/Actor_26/26_01_01_01_kill_sad.wav,sad
data/training/Actor_26/26_01_01_01_lease_sad.wav,sad
data/training/Actor_26/26_01_01_01_fit_sad.wav,sad
data/training/Actor_26/26_01_01_01_pole_sad.wav,sad
data/training/Actor_26/26_01_01_01_white_sad.wav,sad
data/training/Actor_26/26_01_01_01_numb_sad.wav,sad
data/training/Actor_26/26_01_01_01_mob_sad.wav,sad
data/training/Actor_26/26_01_01_01_dodge_sad.wav,sad
data/training/Actor_26/26_01_01_01_bone_sad.wav,sad
data/training/Actor_26/26_01_01_01_road_sad.wav,sad
data/training/Actor_26/26_01_01_01_far_sad.wav,sad
data/training/Actor_26/26_01_01_01_good_sad.wav,sad
data/training/Actor_26/26_01_01_01_cab_sad.wav,sad
data/training/Actor_26/26_01_01_01_yearn_sad.wav,sad
data/training/Actor_26/26_01_01_01_death_sad.wav,sad
data/training/Actor_26/26_01_01_01_hall_sad.wav,sad
data/training/Actor_26/26_01_01_01_peg_sad.wav,sad
data/training/Actor_26/26_01_01_01_witch_sad.wav,sad
data/training/Actor_26/26_01_01_01_lot_sad.wav,sad
data/training/Actor_19/19_01_02_01_kids-talking_sad.wav,sad
data/training/Actor_19/19_01_01_02_dogs-sitting_sad.wav,sad
data/training/Actor_19/19_02_01_02_kids-talking_sad.wav,sad
data/training/Actor_19/19_02_02_01_dogs-sitting_sad.wav,sad
data/training/Actor_19/19_02_02_02_kids-talking_sad.wav,sad
data/training/Actor_19/19_02_01_01_dogs-sitting_sad.wav,sad
data/training/Actor_19/03-02-04-01-02-01-19_sad.wav,sad
data/training/Actor_19/03-02-04-02-01-02-19_sad.wav,sad
data/training/Actor_19/19_01_01_01_kids-talking_sad.wav,sad
data/training/Actor_19/03-02-04-01-01-01-19_sad.wav,sad
data/training/Actor_19/03-02-04-02-02-02-19_sad.wav,sad
data/training/Actor_19/19_01_02_02_dogs-sitting_sad.wav,sad
data/training/Actor_19/03-02-04-02-02-01-19_sad.wav,sad
data/training/Actor_19/03-02-04-01-01-02-19_sad.wav,sad
data/training/Actor_19/19_01_02_01_dogs-sitting_sad.wav,sad
data/training/Actor_19/19_01_01_02_kids-talking_sad.wav,sad
data/training/Actor_19/19_02_01_02_dogs-sitting_sad.wav,sad
data/training/Actor_19/03-02-04-02-01-01-19_sad.wav,sad
data/training/Actor_19/03-02-04-01-02-02-19_sad.wav,sad
data/training/Actor_19/19_02_02_01_kids-talking_sad.wav,sad
data/training/Actor_19/19_02_02_02_dogs-sitting_sad.wav,sad
data/training/Actor_19/19_02_01_01_kids-talking_sad.wav,sad
data/training/Actor_19/19_01_01_01_dogs-sitting_sad.wav,sad
data/training/Actor_19/19_01_02_02_kids-talking_sad.wav,sad
data/training/Actor_10/10_01_02_02_dogs-sitting_sad.wav,sad
data/training/Actor_10/10_01_01_01_kids-talking_sad.wav,sad
data/training/Actor_10/10_02_01_01_dogs-sitting_sad.wav,sad
data/training/Actor_10/10_02_02_02_kids-talking_sad.wav,sad
data/training/Actor_10/10_02_02_01_dogs-sitting_sad.wav,sad
data/training/Actor_10/10_02_01_02_kids-talking_sad.wav,sad
data/training/Actor_10/10_01_01_02_dogs-sitting_sad.wav,sad
data/training/Actor_10/10_01_02_01_kids-talking_sad.wav,sad
data/training/Actor_10/10_01_02_02_kids-talking_sad.wav,sad
data/training/Actor_10/10_01_01_01_dogs-sitting_sad.wav,sad
data/training/Actor_10/10_02_01_01_kids-talking_sad.wav,sad
data/training/Actor_10/10_02_02_02_dogs-sitting_sad.wav,sad
data/training/Actor_10/10_02_02_01_kids-talking_sad.wav,sad
data/training/Actor_10/10_02_01_02_dogs-sitting_sad.wav,sad
data/training/Actor_10/10_01_01_02_kids-talking_sad.wav,sad
data/training/Actor_10/10_01_02_01_dogs-sitting_sad.wav,sad
data/training/Actor_17/17_02_01_01_dogs-sitting_sad.wav,sad
data/training/Actor_17/03-02-04-01-01-02-17_sad.wav,sad
data/training/Actor_17/03-02-04-02-02-01-17_sad.wav,sad
data/training/Actor_17/17_02_02_02_kids-talking_sad.wav,sad
data/training/Actor_17/03-02-04-01-02-02-17_sad.wav,sad
data/training/Actor_17/03-02-04-02-01-01-17_sad.wav,sad
data/training/Actor_17/17_02_02_01_dogs-sitting_sad.wav,sad
data/training/Actor_17/17_02_01_02_kids-talking_sad.wav,sad
data/training/Actor_17/17_02_01_01_kids-talking_sad.wav,sad
data/training/Actor_17/17_02_02_02_dogs-sitting_sad.wav,sad
data/training/Actor_17/03-02-04-02-01-02-17_sad.wav,sad
data/training/Actor_17/03-02-04-01-02-01-17_sad.wav,sad
data/training/Actor_17/03-02-04-02-02-02-17_sad.wav,sad
data/training/Actor_17/03-02-04-01-01-01-17_sad.wav,sad
data/training/Actor_17/17_02_02_01_kids-talking_sad.wav,sad
data/training/Actor_17/17_02_01_02_dogs-sitting_sad.wav,sad
data/training/Actor_04/04_01_01_01_dogs-sitting_sad.wav,sad
data/training/Actor_04/04_01_02_02_kids-talking_sad.wav,sad
data/training/Actor_04/04_02_02_02_dogs-sitting_sad.wav,sad
data/training/Actor_04/04_02_01_01_kids-talking_sad.wav,sad
data/training/Actor_04/03-02-04-01-01-02-04_sad.wav,sad
data/training/Actor_04/04_02_01_02_dogs-sitting_sad.wav,sad
data/training/Actor_04/04_02_02_01_kids-talking_sad.wav,sad
data/training/Actor_04/03-02-04-02-02-01-04_sad.wav,sad
data/training/Actor_04/03-02-04-01-02-02-04_sad.wav,sad
data/training/Actor_04/03-02-04-02-01-01-04_sad.wav,sad
data/training/Actor_04/04_01_02_01_dogs-sitting_sad.wav,sad
data/training/Actor_04/04_01_01_02_kids-talking_sad.wav,sad
data/training/Actor_04/03-02-04-02-01-02-04_sad.wav,sad
data/training/Actor_04/04_01_01_01_kids-talking_sad.wav,sad
data/training/Actor_04/04_01_02_02_dogs-sitting_sad.wav,sad
data/training/Actor_04/03-02-04-01-02-01-04_sad.wav,sad
data/training/Actor_04/04_02_02_02_kids-talking_sad.wav,sad
data/training/Actor_04/04_02_01_01_dogs-sitting_sad.wav,sad
data/training/Actor_04/03-02-04-02-02-02-04_sad.wav,sad
data/training/Actor_04/03-02-04-01-01-01-04_sad.wav,sad
data/training/Actor_04/04_02_01_02_kids-talking_sad.wav,sad
data/training/Actor_04/04_02_02_01_dogs-sitting_sad.wav,sad
data/training/Actor_04/04_01_02_01_kids-talking_sad.wav,sad
data/training/Actor_04/04_01_01_02_dogs-sitting_sad.wav,sad
data/training/Actor_03/03_02_02_02_dogs-sitting_sad.wav,sad
data/training/Actor_03/03_02_01_01_kids-talking_sad.wav,sad
data/training/Actor_03/03-02-04-01-02-01-03_sad.wav,sad
data/training/Actor_03/03-02-04-02-01-02-03_sad.wav,sad
data/training/Actor_03/03-02-04-01-01-01-03_sad.wav,sad
data/training/Actor_03/03_01_01_01_dogs-sitting_sad.wav,sad
data/training/Actor_03/03_01_02_02_kids-talking_sad.wav,sad
data/training/Actor_03/03-02-04-02-02-02-03_sad.wav,sad
data/training/Actor_03/03_01_02_01_dogs-sitting_sad.wav,sad
data/training/Actor_03/03_01_01_02_kids-talking_sad.wav,sad
data/training/Actor_03/03_02_01_02_dogs-sitting_sad.wav,sad
data/training/Actor_03/03_02_02_01_kids-talking_sad.wav,sad
data/training/Actor_03/03_02_02_02_kids-talking_sad.wav,sad
data/training/Actor_03/03_02_01_01_dogs-sitting_sad.wav,sad
data/training/Actor_03/03_01_01_01_kids-talking_sad.wav,sad
data/training/Actor_03/03_01_02_02_dogs-sitting_sad.wav,sad
data/training/Actor_03/03-02-04-02-02-01-03_sad.wav,sad
data/training/Actor_03/03-02-04-01-01-02-03_sad.wav,sad
data/training/Actor_03/03_01_02_01_kids-talking_sad.wav,sad
data/training/Actor_03/03_01_01_02_dogs-sitting_sad.wav,sad
data/training/Actor_03/03_02_01_02_kids-talking_sad.wav,sad
data/training/Actor_03/03-02-04-02-01-01-03_sad.wav,sad
data/training/Actor_03/03_02_02_01_dogs-sitting_sad.wav,sad
data/training/Actor_03/03-02-04-01-02-02-03_sad.wav,sad
data/training/Actor_02/02_01_01_02_kids-talking_sad.wav,sad
data/training/Actor_02/02_01_02_01_dogs-sitting_sad.wav,sad
data/training/Actor_02/03-02-04-01-01-01-02_sad.wav,sad
data/training/Actor_02/03-02-04-02-02-02-02_sad.wav,sad
data/training/Actor_02/02_02_02_01_kids-talking_sad.wav,sad
data/training/Actor_02/03-02-04-01-02-01-02_sad.wav,sad
data/training/Actor_02/03-02-04-02-01-02-02_sad.wav,sad
data/training/Actor_02/02_02_01_02_dogs-sitting_sad.wav,sad
data/training/Actor_02/02_02_01_01_kids-talking_sad.wav,sad
data/training/Actor_02/02_02_02_02_dogs-sitting_sad.wav,sad
data/training/Actor_02/02_01_02_02_kids-talking_sad.wav,sad
data/training/Actor_02/02_01_01_01_dogs-sitting_sad.wav,sad
data/training/Actor_02/02_01_01_02_dogs-sitting_sad.wav,sad
data/training/Actor_02/02_01_02_01_kids-talking_sad.wav,sad
data/training/Actor_02/02_02_02_01_dogs-sitting_sad.wav,sad
data/training/Actor_02/02_02_01_02_kids-talking_sad.wav,sad
data/training/Actor_02/03-02-04-02-01-01-02_sad.wav,sad
data/training/Actor_02/03-02-04-01-02-02-02_sad.wav,sad
data/training/Actor_02/02_02_01_01_dogs-sitting_sad.wav,sad
data/training/Actor_02/02_02_02_02_kids-talking_sad.wav,sad
data/training/Actor_02/02_01_02_02_dogs-sitting_sad.wav,sad
data/training/Actor_02/03-02-04-02-02-01-02_sad.wav,sad
data/training/Actor_02/03-02-04-01-01-02-02_sad.wav,sad
data/training/Actor_02/02_01_01_01_kids-talking_sad.wav,sad
data/training/Actor_05/05_02_02_01_kids-talking_sad.wav,sad
data/training/Actor_05/05_02_01_02_dogs-sitting_sad.wav,sad
data/training/Actor_05/05_01_01_02_kids-talking_sad.wav,sad
data/training/Actor_05/05_01_02_01_dogs-sitting_sad.wav,sad
data/training/Actor_05/05_01_02_02_kids-talking_sad.wav,sad
data/training/Actor_05/03-02-04-01-02-02-05_sad.wav,sad
data/training/Actor_05/03-02-04-02-01-01-05_sad.wav,sad
data/training/Actor_05/05_01_01_01_dogs-sitting_sad.wav,sad
data/training/Actor_05/03-02-04-01-01-02-05_sad.wav,sad
data/training/Actor_05/03-02-04-02-02-01-05_sad.wav,sad
data/training/Actor_05/05_02_01_01_kids-talking_sad.wav,sad
data/training/Actor_05/05_02_02_02_dogs-sitting_sad.wav,sad
data/training/Actor_05/05_02_02_01_dogs-sitting_sad.wav,sad
data/training/Actor_05/03-02-04-02-02-02-05_sad.wav,sad
data/training/Actor_05/03-02-04-01-01-01-05_sad.wav,sad
data/training/Actor_05/05_02_01_02_kids-talking_sad.wav,sad
data/training/Actor_05/05_01_01_02_dogs-sitting_sad.wav,sad
data/training/Actor_05/05_01_02_01_kids-talking_sad.wav,sad
data/training/Actor_05/03-02-04-02-01-02-05_sad.wav,sad
data/training/Actor_05/03-02-04-01-02-01-05_sad.wav,sad
data/training/Actor_05/05_01_02_02_dogs-sitting_sad.wav,sad
data/training/Actor_05/05_01_01_01_kids-talking_sad.wav,sad
data/training/Actor_05/05_02_01_01_dogs-sitting_sad.wav,sad
data/training/Actor_05/05_02_02_02_kids-talking_sad.wav,sad
data/training/Actor_12/03-02-04-01-01-01-12_sad.wav,sad
data/training/Actor_12/12_02_02_02_dogs-sitting_sad.wav,sad
data/training/Actor_12/12_02_01_01_kids-talking_sad.wav,sad
data/training/Actor_12/03-02-04-02-02-02-12_sad.wav,sad
data/training/Actor_12/03-02-04-01-02-01-12_sad.wav,sad
data/training/Actor_12/03-02-04-02-01-02-12_sad.wav,sad
data/training/Actor_12/12_01_01_01_dogs-sitting_sad.wav,sad
data/training/Actor_12/12_01_02_02_kids-talking_sad.wav,sad
data/training/Actor_12/12_01_02_01_dogs-sitting_sad.wav,sad
data/training/Actor_12/12_01_01_02_kids-talking_sad.wav,sad
data/training/Actor_12/12_02_01_02_dogs-sitting_sad.wav,sad
data/training/Actor_12/12_02_02_01_kids-talking_sad.wav,sad
data/training/Actor_12/12_02_02_02_kids-talking_sad.wav,sad
data/training/Actor_12/12_02_01_01_dogs-sitting_sad.wav,sad
data/training/Actor_12/12_01_01_01_kids-talking_sad.wav,sad
data/training/Actor_12/12_01_02_02_dogs-sitting_sad.wav,sad
data/training/Actor_12/03-02-04-02-01-01-12_sad.wav,sad
data/training/Actor_12/12_01_02_01_kids-talking_sad.wav,sad
data/training/Actor_12/03-02-04-01-02-02-12_sad.wav,sad
data/training/Actor_12/12_01_01_02_dogs-sitting_sad.wav,sad
data/training/Actor_12/12_02_01_02_kids-talking_sad.wav,sad
data/training/Actor_12/12_02_02_01_dogs-sitting_sad.wav,sad
data/training/Actor_12/03-02-04-02-02-01-12_sad.wav,sad
data/training/Actor_12/03-02-04-01-01-02-12_sad.wav,sad
data/training/Actor_15/15_02_02_02_dogs-sitting_sad.wav,sad
data/training/Actor_15/15_02_01_01_kids-talking_sad.wav,sad
data/training/Actor_15/15_02_01_02_dogs-sitting_sad.wav,sad
data/training/Actor_15/15_02_02_01_kids-talking_sad.wav,sad
data/training/Actor_15/03-02-04-01-02-02-15_sad.wav,sad
data/training/Actor_15/03-02-04-02-01-01-15_sad.wav,sad
data/training/Actor_15/03-02-04-01-01-02-15_sad.wav,sad
data/training/Actor_15/03-02-04-02-02-01-15_sad.wav,sad
data/training/Actor_15/03-02-04-02-02-02-15_sad.wav,sad
data/training/Actor_15/03-02-04-01-01-01-15_sad.wav,sad
data/training/Actor_15/03-02-04-02-01-02-15_sad.wav,sad
data/training/Actor_15/15_02_02_02_kids-talking_sad.wav,sad
data/training/Actor_15/03-02-04-01-02-01-15_sad.wav,sad
data/training/Actor_15/15_02_01_01_dogs-sitting_sad.wav,sad
data/training/Actor_15/15_02_01_02_kids-talking_sad.wav,sad
data/training/Actor_15/15_02_02_01_dogs-sitting_sad.wav,sad
data/training/Actor_23/23_01_01_01_kids-talking_sad.wav,sad
data/training/Actor_23/23_01_02_02_dogs-sitting_sad.wav,sad
data/training/Actor_23/23_01_02_01_kids-talking_sad.wav,sad
data/training/Actor_23/03-02-04-02-01-01-23_sad.wav,sad
data/training/Actor_23/23_01_01_02_dogs-sitting_sad.wav,sad
data/training/Actor_23/03-02-04-01-02-02-23_sad.wav,sad
data/training/Actor_23/03-02-04-02-02-01-23_sad.wav,sad
data/training/Actor_23/03-02-04-01-01-02-23_sad.wav,sad
data/training/Actor_23/03-02-04-01-01-01-23_sad.wav,sad
data/training/Actor_23/03-02-04-02-02-02-23_sad.wav,sad
data/training/Actor_23/03-02-04-01-02-01-23_sad.wav,sad
data/training/Actor_23/03-02-04-02-01-02-23_sad.wav,sad
data/training/Actor_23/23_01_01_01_dogs-sitting_sad.wav,sad
data/training/Actor_23/23_01_02_02_kids-talking_sad.wav,sad
data/training/Actor_23/23_01_02_01_dogs-sitting_sad.wav,sad
data/training/Actor_23/23_01_01_02_kids-talking_sad.wav,sad
data/training/Actor_24/03-02-04-02-02-02-24_sad.wav,sad
data/training/Actor_24/03-02-04-01-01-01-24_sad.wav,sad
data/training/Actor_24/24_01_01_01_kids-talking_sad.wav,sad
data/training/Actor_24/24_01_02_02_dogs-sitting_sad.wav,sad
data/training/Actor_24/24_02_02_02_kids-talking_sad.wav,sad
data/training/Actor_24/03-02-04-02-01-02-24_sad.wav,sad
data/training/Actor_24/24_02_01_01_dogs-sitting_sad.wav,sad
data/training/Actor_24/03-02-04-01-02-01-24_sad.wav,sad
data/training/Actor_24/24_02_01_02_kids-talking_sad.wav,sad
data/training/Actor_24/24_02_02_01_dogs-sitting_sad.wav,sad
data/training/Actor_24/24_01_02_01_kids-talking_sad.wav,sad
data/training/Actor_24/24_01_01_02_dogs-sitting_sad.wav,sad
data/training/Actor_24/24_01_01_01_dogs-sitting_sad.wav,sad
data/training/Actor_24/24_01_02_02_kids-talking_sad.wav,sad
data/training/Actor_24/24_02_02_02_dogs-sitting_sad.wav,sad
data/training/Actor_24/24_02_01_01_kids-talking_sad.wav,sad
data/training/Actor_24/24_02_01_02_dogs-sitting_sad.wav,sad
data/training/Actor_24/24_02_02_01_kids-talking_sad.wav,sad
data/training/Actor_24/03-02-04-01-02-02-24_sad.wav,sad
data/training/Actor_24/03-02-04-02-01-01-24_sad.wav,sad
data/training/Actor_24/03-02-04-01-01-02-24_sad.wav,sad
data/training/Actor_24/24_01_02_01_dogs-sitting_sad.wav,sad
data/training/Actor_24/03-02-04-02-02-01-24_sad.wav,sad
data/training/Actor_24/24_01_01_02_kids-talking_sad.wav,sad
data/training/Actor_25/25_01_01_01_size_sad.wav,sad
data/training/Actor_25/25_01_01_01_raise_sad.wav,sad
data/training/Actor_25/25_01_01_01_peg_sad.wav,sad
data/training/Actor_25/25_01_01_01_thin_sad.wav,sad
data/training/Actor_25/25_01_01_01_half_sad.wav,sad
data/training/Actor_25/25_01_01_01_make_sad.wav,sad
data/training/Actor_25/25_01_01_01_lot_sad.wav,sad
data/training/Actor_25/25_01_01_01_kick_sad.wav,sad
data/training/Actor_25/25_01_01_01_hate_sad.wav,sad
data/training/Actor_25/25_01_01_01_shawl_sad.wav,sad
data/training/Actor_25/25_01_01_01_note_sad.wav,sad
data/training/Actor_25/25_01_01_01_kite_sad.wav,sad
data/training/Actor_25/25_01_01_01_pike_sad.wav,sad
data/training/Actor_25/25_01_01_01_far_sad.wav,sad
data/training/Actor_25/25_01_01_01_turn_sad.wav,sad
data/training/Actor_25/25_01_01_01_search_sad.wav,sad
data/training/Actor_25/25_01_01_01_wife_sad.wav,sad
data/training/Actor_25/25_01_01_01_vine_sad.wav,sad
data/training/Actor_25/25_01_01_01_fit_sad.wav,sad
data/training/Actor_25/25_01_01_01_wash_sad.wav,sad
data/training/Actor_25/25_01_01_01_sure_sad.wav,sad
data/training/Actor_25/25_01_01_01_life_sad.wav,sad
data/training/Actor_25/25_01_01_01_lore_sad.wav,sad
data/training/Actor_25/25_01_01_01_lose_sad.wav,sad
data/training/Actor_25/25_01_01_01_pain_sad.wav,sad
data/training/Actor_25/25_01_01_01_read_sad.wav,sad
data/training/Actor_25/25_01_01_01_rose_sad.wav,sad
data/training/Actor_25/25_01_01_01_get_sad.wav,sad
data/training/Actor_25/25_01_01_01_youth_sad.wav,sad
data/training/Actor_25/25_01_01_01_raid_sad.wav,sad
data/training/Actor_25/25_01_01_01_hurl_sad.wav,sad
data/training/Actor_25/25_01_01_01_gap_sad.wav,sad
data/training/Actor_25/25_01_01_01_rot_sad.wav,sad
data/training/Actor_25/25_01_01_01_wire_sad.wav,sad
data/training/Actor_25/25_01_01_01_should_sad.wav,sad
data/training/Actor_25/25_01_01_01_such_sad.wav,sad
data/training/Actor_25/25_01_01_01_pick_sad.wav,sad
data/training/Actor_25/25_01_01_01_near_sad.wav,sad
data/training/Actor_25/25_01_01_01_loaf_sad.wav,sad
data/training/Actor_25/25_01_01_01_knock_sad.wav,sad
data/training/Actor_25/25_01_01_01_reach_sad.wav,sad
data/training/Actor_25/25_01_01_01_hall_sad.wav,sad
data/training/Actor_25/25_01_01_01_south_sad.wav,sad
data/training/Actor_25/25_01_01_01_jar_sad.wav,sad
data/training/Actor_25/25_01_01_01_mouse_sad.wav,sad
data/training/Actor_25/25_01_01_01_good_sad.wav,sad
data/training/Actor_25/25_01_01_01_road_sad.wav,sad
data/training/Actor_25/25_01_01_01_pole_sad.wav,sad
data/training/Actor_25/25_01_01_01_rag_sad.wav,sad
data/training/Actor_25/25_01_01_01_numb_sad.wav,sad
data/training/Actor_25/25_01_01_01_kill_sad.wav,sad
data/training/Actor_25/25_01_01_01_void_sad.wav,sad
data/training/Actor_25/25_01_01_01_merge_sad.wav,sad
data/training/Actor_25/25_01_01_01_juice_sad.wav,sad
data/training/Actor_25/25_01_01_01_rush_sad.wav,sad
data/training/Actor_25/25_01_01_01_gas_sad.wav,sad
data/training/Actor_25/25_01_01_01_wheat_sad.wav,sad
data/training/Actor_25/25_01_01_01_join_sad.wav,sad
data/training/Actor_25/25_01_01_01_lean_sad.wav,sad
data/training/Actor_25/25_01_01_01_gun_sad.wav,sad
data/training/Actor_25/25_01_01_01_jug_sad.wav,sad
data/training/Actor_25/25_01_01_01_tool_sad.wav,sad
data/training/Actor_25/25_01_01_01_rain_sad.wav,sad
data/training/Actor_25/25_01_01_01_walk_sad.wav,sad
data/training/Actor_25/25_01_01_01_week_sad.wav,sad
data/training/Actor_25/25_01_01_01_take_sad.wav,sad
data/training/Actor_25/25_01_01_01_young_sad.wav,sad
data/training/Actor_25/25_01_01_01_yes_sad.wav,sad
data/training/Actor_25/25_01_01_01_pad_sad.wav,sad
data/training/Actor_25/25_01_01_01_room_sad.wav,sad
data/training/Actor_25/25_01_01_01_mop_sad.wav,sad
data/training/Actor_25/25_01_01_01_name_sad.wav,sad
data/training/Actor_25/25_01_01_01_said_sad.wav,sad
data/training/Actor_25/25_01_01_01_puff_sad.wav,sad
data/training/Actor_25/25_01_01_01_voice_sad.wav,sad
data/training/Actor_25/25_01_01_01_home_sad.wav,sad
data/training/Actor_25/25_01_01_01_hole_sad.wav,sad
data/training/Actor_25/25_01_01_01_seize_sad.wav,sad
data/training/Actor_25/25_01_01_01_sour_sad.wav,sad
data/training/Actor_25/25_01_01_01_gaze_sad.wav,sad
data/training/Actor_25/25_01_01_01_neat_sad.wav,sad
data/training/Actor_25/25_01_01_01_page_sad.wav,sad
data/training/Actor_25/25_01_01_01_which_sad.wav,sad
data/training/Actor_25/25_01_01_01_lid_sad.wav,sad
data/training/Actor_25/25_01_01_01_late_sad.wav,sad
data/training/Actor_25/25_01_01_01_when_sad.wav,sad
data/training/Actor_25/25_01_01_01_talk_sad.wav,sad
data/training/Actor_25/25_01_01_01_tape_sad.wav,sad
data/training/Actor_25/25_01_01_01_whip_sad.wav,sad
data/training/Actor_25/25_01_01_01_hire_sad.wav,sad
data/training/Actor_25/25_01_01_01_king_sad.wav,sad
data/training/Actor_25/25_01_01_01_judge_sad.wav,sad
data/training/Actor_25/25_01_01_01_tell_sad.wav,sad
data/training/Actor_25/25_01_01_01_perch_sad.wav,sad
data/training/Actor_25/25_01_01_01_ton_sad.wav,sad
data/training/Actor_25/25_01_01_01_learn_sad.wav,sad
data/training/Actor_25/25_01_01_01_laud_sad.wav,sad
data/training/Actor_25/25_01_01_01_limb_sad.wav,sad
data/training/Actor_25/25_01_01_01_mess_sad.wav,sad
data/training/Actor_25/25_01_01_01_sail_sad.wav,sad
data/training/Actor_25/25_01_01_01_rough_sad.wav,sad
data/training/Actor_25/25_01_01_01_ripe_sad.wav,sad
data/training/Actor_25/25_01_01_01_goal_sad.wav,sad
data/training/Actor_25/25_01_01_01_germ_sad.wav,sad
data/training/Actor_25/25_01_01_01_pearl_sad.wav,sad
data/training/Actor_25/25_01_01_01_tip_sad.wav,sad
data/training/Actor_25/25_01_01_01_goose_sad.wav,sad
data/training/Actor_25/25_01_01_01_five_sad.wav,sad
data/training/Actor_25/25_01_01_01_hash_sad.wav,sad
data/training/Actor_25/25_01_01_01_nice_sad.wav,sad
data/training/Actor_25/25_01_01_01_have_sad.wav,sad
data/training/Actor_25/25_01_01_01_shout_sad.wav,sad
data/training/Actor_25/25_01_01_01_fat_sad.wav,sad
data/training/Actor_25/25_01_01_01_keep_sad.wav,sad
data/training/Actor_25/25_01_01_01_wag_sad.wav,sad
data/training/Actor_25/25_01_01_01_shack_sad.wav,sad
data/training/Actor_25/25_01_01_01_luck_sad.wav,sad
data/training/Actor_25/25_01_01_01_yearn_sad.wav,sad
data/training/Actor_25/25_01_01_01_soap_sad.wav,sad
data/training/Actor_25/25_01_01_01_hit_sad.wav,sad
data/training/Actor_25/25_01_01_01_long_sad.wav,sad
data/training/Actor_25/25_01_01_01_keen_sad.wav,sad
data/training/Actor_25/25_01_01_01_sub_sad.wav,sad
data/training/Actor_25/25_01_01_01_witch_sad.wav,sad
data/training/Actor_25/25_01_01_01_haze_sad.wav,sad
data/training/Actor_25/25_01_01_01_thumb_sad.wav,sad
data/training/Actor_25/25_01_01_01_white_sad.wav,sad
data/training/Actor_25/25_01_01_01_lease_sad.wav,sad
data/training/Actor_25/25_01_01_01_keg_sad.wav,sad
data/training/Actor_25/25_01_01_01_match_sad.wav,sad
data/training/Actor_25/25_01_01_01_tire_sad.wav,sad
data/training/Actor_25/25_01_01_01_vote_sad.wav,sad
data/training/Actor_25/25_01_01_01_live_sad.wav,sad
data/training/Actor_25/25_01_01_01_red_sad.wav,sad
data/training/Actor_25/25_01_01_01_jail_sad.wav,sad
data/training/Actor_25/25_01_01_01_sell_sad.wav,sad
data/training/Actor_25/25_01_01_01_nag_sad.wav,sad
data/training/Actor_25/25_01_01_01_gin_sad.wav,sad
data/training/Actor_25/25_01_01_01_phone_sad.wav,sad
data/training/Actor_25/25_01_01_01_time_sad.wav,sad
data/training/Actor_25/25_01_01_01_thought_sad.wav,sad
data/training/Actor_25/25_01_01_01_team_sad.wav,sad
data/training/Actor_25/25_01_01_01_shall_sad.wav,sad
data/training/Actor_25/25_01_01_01_soup_sad.wav,sad
data/training/Actor_25/25_01_01_01_ring_sad.wav,sad
data/training/Actor_25/25_01_01_01_pass_sad.wav,sad
data/training/Actor_25/25_01_01_01_sheep_sad.wav,sad
data/training/Actor_25/25_01_01_01_rat_sad.wav,sad
data/training/Actor_25/25_01_01_01_shirt_sad.wav,sad
data/training/Actor_25/25_01_01_01_food_sad.wav,sad
data/training/Actor_25/25_01_01_01_love_sad.wav,sad
data/training/Actor_25/25_01_01_01_tough_sad.wav,sad
data/training/Actor_25/25_01_01_01_hush_sad.wav,sad
data/training/Actor_25/25_01_01_01_pool_sad.wav,sad
data/training/Actor_25/25_01_01_01_third_sad.wav,sad
data/training/Actor_22/22_01_01_02_dogs-sitting_sad.wav,sad
data/training/Actor_22/22_01_02_01_kids-talking_sad.wav,sad
data/training/Actor_22/03-02-04-02-02-01-22_sad.wav,sad
data/training/Actor_22/03-02-04-01-01-02-22_sad.wav,sad
data/training/Actor_22/22_01_02_02_dogs-sitting_sad.wav,sad
data/training/Actor_22/22_01_01_01_kids-talking_sad.wav,sad
data/training/Actor_22/03-02-04-02-01-01-22_sad.wav,sad
data/training/Actor_22/03-02-04-01-02-02-22_sad.wav,sad
data/training/Actor_22/22_01_01_02_kids-talking_sad.wav,sad
data/training/Actor_22/03-02-04-01-02-01-22_sad.wav,sad
data/training/Actor_22/03-02-04-02-01-02-22_sad.wav,sad
data/training/Actor_22/22_01_02_01_dogs-sitting_sad.wav,sad
data/training/Actor_22/03-02-04-01-01-01-22_sad.wav,sad
data/training/Actor_22/03-02-04-02-02-02-22_sad.wav,sad
data/training/Actor_22/22_01_02_02_kids-talking_sad.wav,sad
data/training/Actor_22/22_01_01_01_dogs-sitting_sad.wav,sad
data/training/Actor_14/14_02_02_01_kids-talking_sad.wav,sad
data/training/Actor_14/14_02_01_02_dogs-sitting_sad.wav,sad
data/training/Actor_14/03-02-04-01-01-02-14_sad.wav,sad
data/training/Actor_14/03-02-04-02-02-01-14_sad.wav,sad
data/training/Actor_14/14_02_01_01_kids-talking_sad.wav,sad
data/training/Actor_14/03-02-04-01-02-02-14_sad.wav,sad
data/training/Actor_14/03-02-04-02-01-01-14_sad.wav,sad
data/training/Actor_14/14_02_02_02_dogs-sitting_sad.wav,sad
data/training/Actor_14/03-02-04-02-01-02-14_sad.wav,sad
data/training/Actor_14/03-02-04-01-02-01-14_sad.wav,sad
data/training/Actor_14/14_02_02_01_dogs-sitting_sad.wav,sad
data/training/Actor_14/14_02_01_02_kids-talking_sad.wav,sad
data/training/Actor_14/03-02-04-02-02-02-14_sad.wav,sad
data/training/Actor_14/03-02-04-01-01-01-14_sad.wav,sad
data/training/Actor_14/14_02_01_01_dogs-sitting_sad.wav,sad
data/training/Actor_14/14_02_02_02_kids-talking_sad.wav,sad
data/training/Actor_13/13_01_01_02_kids-talking_sad.wav,sad
data/training/Actor_13/03-02-04-01-02-01-13_sad.wav,sad
data/training/Actor_13/03-02-04-02-01-02-13_sad.wav,sad
data/training/Actor_13/13_01_02_01_dogs-sitting_sad.wav,sad
data/training/Actor_13/03-02-04-01-01-01-13_sad.wav,sad
data/training/Actor_13/03-02-04-02-02-02-13_sad.wav,sad
data/training/Actor_13/13_02_02_01_kids-talking_sad.wav,sad
data/training/Actor_13/13_02_01_02_dogs-sitting_sad.wav,sad
data/training/Actor_13/13_02_01_01_kids-talking_sad.wav,sad
data/training/Actor_13/13_02_02_02_dogs-sitting_sad.wav,sad
data/training/Actor_13/13_01_02_02_kids-talking_sad.wav,sad
data/training/Actor_13/13_01_01_01_dogs-sitting_sad.wav,sad
data/training/Actor_13/13_01_01_02_dogs-sitting_sad.wav,sad
data/training/Actor_13/13_01_02_01_kids-talking_sad.wav,sad
data/training/Actor_13/13_02_02_01_dogs-sitting_sad.wav,sad
data/training/Actor_13/13_02_01_02_kids-talking_sad.wav,sad
data/training/Actor_13/13_02_01_01_dogs-sitting_sad.wav,sad
data/training/Actor_13/03-02-04-02-02-01-13_sad.wav,sad
data/training/Actor_13/03-02-04-01-01-02-13_sad.wav,sad
data/training/Actor_13/13_02_02_02_kids-talking_sad.wav,sad
data/training/Actor_13/13_01_02_02_dogs-sitting_sad.wav,sad
data/training/Actor_13/13_01_01_01_kids-talking_sad.wav,sad
data/training/Actor_13/03-02-04-02-01-01-13_sad.wav,sad
data/training/Actor_13/03-02-04-01-02-02-13_sad.wav,sad
data/training/Actor_09/09_02_01_01_dogs-sitting_sad.wav,sad
data/training/Actor_09/09_02_02_02_kids-talking_sad.wav,sad
data/training/Actor_09/09_01_02_02_dogs-sitting_sad.wav,sad
data/training/Actor_09/09_01_01_01_kids-talking_sad.wav,sad
data/training/Actor_09/09_01_01_02_dogs-sitting_sad.wav,sad
data/training/Actor_09/09_01_02_01_kids-talking_sad.wav,sad
data/training/Actor_09/09_02_02_01_dogs-sitting_sad.wav,sad
data/training/Actor_09/09_02_01_02_kids-talking_sad.wav,sad
data/training/Actor_09/09_02_01_01_kids-talking_sad.wav,sad
data/training/Actor_09/09_02_02_02_dogs-sitting_sad.wav,sad
data/training/Actor_09/09_01_02_02_kids-talking_sad.wav,sad
data/training/Actor_09/09_01_01_01_dogs-sitting_sad.wav,sad
data/training/Actor_09/09_01_01_02_kids-talking_sad.wav,sad
data/training/Actor_09/09_01_02_01_dogs-sitting_sad.wav,sad
data/training/Actor_09/09_02_02_01_kids-talking_sad.wav,sad
data/training/Actor_09/09_02_01_02_dogs-sitting_sad.wav,sad
data/training/Actor_07/07_01_02_01_kids-talking_sad.wav,sad
data/training/Actor_07/07_01_01_02_dogs-sitting_sad.wav,sad
data/training/Actor_07/07_02_01_02_kids-talking_sad.wav,sad
data/training/Actor_07/07_02_02_01_dogs-sitting_sad.wav,sad
data/training/Actor_07/07_02_02_02_kids-talking_sad.wav,sad
data/training/Actor_07/07_02_01_01_dogs-sitting_sad.wav,sad
data/training/Actor_07/07_01_01_01_kids-talking_sad.wav,sad
data/training/Actor_07/07_01_02_02_dogs-sitting_sad.wav,sad
data/training/Actor_07/07_01_02_01_dogs-sitting_sad.wav,sad
data/training/Actor_07/07_01_01_02_kids-talking_sad.wav,sad
data/training/Actor_07/07_02_01_02_dogs-sitting_sad.wav,sad
data/training/Actor_07/07_02_02_01_kids-talking_sad.wav,sad
data/training/Actor_07/07_02_02_02_dogs-sitting_sad.wav,sad
data/training/Actor_07/07_02_01_01_kids-talking_sad.wav,sad
data/training/Actor_07/07_01_01_01_dogs-sitting_sad.wav,sad
data/training/Actor_07/07_01_02_02_kids-talking_sad.wav,sad
data/training/Actor_06/03-02-04-01-02-02-06_sad.wav,sad
data/training/Actor_06/03-02-04-02-01-01-06_sad.wav,sad
data/training/Actor_06/06_02_01_01_dogs-sitting_sad.wav,sad
data/training/Actor_06/06_02_02_02_kids-talking_sad.wav,sad
data/training/Actor_06/03-02-04-01-01-02-06_sad.wav,sad
data/training/Actor_06/06_01_02_02_dogs-sitting_sad.wav,sad
data/training/Actor_06/03-02-04-02-02-01-06_sad.wav,sad
data/training/Actor_06/06_01_01_01_kids-talking_sad.wav,sad
data/training/Actor_06/06_01_01_02_dogs-sitting_sad.wav,sad
data/training/Actor_06/06_01_02_01_kids-talking_sad.wav,sad
data/training/Actor_06/06_02_02_01_dogs-sitting_sad.wav,sad
data/training/Actor_06/06_02_01_02_kids-talking_sad.wav,sad
data/training/Actor_06/06_02_01_01_kids-talking_sad.wav,sad
data/training/Actor_06/06_02_02_02_dogs-sitting_sad.wav,sad
data/training/Actor_06/06_01_02_02_kids-talking_sad.wav,sad
data/training/Actor_06/06_01_01_01_dogs-sitting_sad.wav,sad
data/training/Actor_06/06_01_01_02_kids-talking_sad.wav,sad
data/training/Actor_06/06_01_02_01_dogs-sitting_sad.wav,sad
data/training/Actor_06/03-02-04-02-02-02-06_sad.wav,sad
data/training/Actor_06/03-02-04-01-01-01-06_sad.wav,sad
data/training/Actor_06/06_02_02_01_kids-talking_sad.wav,sad
data/training/Actor_06/03-02-04-02-01-02-06_sad.wav,sad
data/training/Actor_06/06_02_01_02_dogs-sitting_sad.wav,sad
data/training/Actor_06/03-02-04-01-02-01-06_sad.wav,sad
data/training/Actor_01/01_01_02_02_dogs-sitting_sad.wav,sad
data/training/Actor_01/01_01_01_01_kids-talking_sad.wav,sad
data/training/Actor_01/01_02_01_01_dogs-sitting_sad.wav,sad
data/training/Actor_01/01_02_02_02_kids-talking_sad.wav,sad
data/training/Actor_01/03-02-04-01-01-01-01_sad.wav,sad
data/training/Actor_01/01_02_02_01_dogs-sitting_sad.wav,sad
data/training/Actor_01/03-02-04-02-02-02-01_sad.wav,sad
data/training/Actor_01/01_02_01_02_kids-talking_sad.wav,sad
data/training/Actor_01/01_01_01_02_dogs-sitting_sad.wav,sad
data/training/Actor_01/01_01_02_01_kids-talking_sad.wav,sad
data/training/Actor_01/03-02-04-01-02-01-01_sad.wav,sad
data/training/Actor_01/03-02-04-02-01-02-01_sad.wav,sad
data/training/Actor_01/01_01_02_02_kids-talking_sad.wav,sad
data/training/Actor_01/03-02-04-02-01-01-01_sad.wav,sad
data/training/Actor_01/01_01_01_01_dogs-sitting_sad.wav,sad
data/training/Actor_01/03-02-04-01-02-02-01_sad.wav,sad
data/training/Actor_01/03-02-04-02-02-01-01_sad.wav,sad
data/training/Actor_01/03-02-04-01-01-02-01_sad.wav,sad
data/training/Actor_01/01_02_01_01_kids-talking_sad.wav,sad
data/training/Actor_01/01_02_02_02_dogs-sitting_sad.wav,sad
data/training/Actor_01/01_02_02_01_kids-talking_sad.wav,sad
data/training/Actor_01/01_02_01_02_dogs-sitting_sad.wav,sad
data/training/Actor_01/01_01_01_02_kids-talking_sad.wav,sad
data/training/Actor_01/01_01_02_01_dogs-sitting_sad.wav,sad
data/training/Actor_08/08_01_02_01_kids-talking_sad.wav,sad
data/training/Actor_08/08_01_01_02_dogs-sitting_sad.wav,sad
data/training/Actor_08/08_02_01_02_kids-talking_sad.wav,sad
data/training/Actor_08/08_02_02_01_dogs-sitting_sad.wav,sad
data/training/Actor_08/08_02_02_02_kids-talking_sad.wav,sad
data/training/Actor_08/08_02_01_01_dogs-sitting_sad.wav,sad
data/training/Actor_08/08_01_01_01_kids-talking_sad.wav,sad
data/training/Actor_08/08_01_02_02_dogs-sitting_sad.wav,sad
data/training/Actor_08/08_01_02_01_dogs-sitting_sad.wav,sad
data/training/Actor_08/08_01_01_02_kids-talking_sad.wav,sad
data/training/Actor_08/08_02_01_02_dogs-sitting_sad.wav,sad
data/training/Actor_08/08_02_02_01_kids-talking_sad.wav,sad
data/training/Actor_08/08_02_02_02_dogs-sitting_sad.wav,sad
data/training/Actor_08/08_02_01_01_kids-talking_sad.wav,sad
data/training/Actor_08/08_01_01_01_dogs-sitting_sad.wav,sad
data/training/Actor_08/08_01_02_02_kids-talking_sad.wav,sad
data/training/Actor_16/03-02-01-01-01-02-16_neutral.wav,neutral
data/training/Actor_16/03-02-01-01-02-01-16_neutral.wav,neutral
data/training/Actor_16/03-02-01-01-01-01-16_neutral.wav,neutral
data/training/Actor_16/16_02_01_01_kids-talking_neutral.wav,neutral
data/training/Actor_16/03-02-01-01-02-02-16_neutral.wav,neutral
data/training/Actor_16/16_02_01_01_dogs-sitting_neutral.wav,neutral
data/training/Actor_16/16_02_01_02_dogs-sitting_neutral.wav,neutral
data/training/Actor_16/16_02_01_02_kids-talking_neutral.wav,neutral
data/training/Actor_11/11_01_01_01_dogs-sitting_neutral.wav,neutral
data/training/Actor_11/11_01_01_01_kids-talking_neutral.wav,neutral
data/training/Actor_11/11_02_01_02_kids-talking_neutral.wav,neutral
data/training/Actor_11/11_02_01_02_dogs-sitting_neutral.wav,neutral
data/training/Actor_11/11_01_01_02_kids-talking_neutral.wav,neutral
data/training/Actor_11/03-02-01-01-02-02-11_neutral.wav,neutral
data/training/Actor_11/11_01_01_02_dogs-sitting_neutral.wav,neutral
data/training/Actor_11/03-02-01-01-01-01-11_neutral.wav,neutral
data/training/Actor_11/11_02_01_01_dogs-sitting_neutral.wav,neutral
data/training/Actor_11/03-02-01-01-02-01-11_neutral.wav,neutral
data/training/Actor_11/11_02_01_01_kids-talking_neutral.wav,neutral
data/training/Actor_11/03-02-01-01-01-02-11_neutral.wav,neutral
data/training/Actor_18/18_01_01_02_kids-talking_neutral.wav,neutral
data/training/Actor_18/18_01_01_02_dogs-sitting_neutral.wav,neutral
data/training/Actor_18/18_01_01_01_dogs-sitting_neutral.wav,neutral
data/training/Actor_18/18_01_01_01_kids-talking_neutral.wav,neutral
data/training/Actor_20/20_01_01_02_kids-talking_neutral.wav,neutral
data/training/Actor_20/20_01_01_02_dogs-sitting_neutral.wav,neutral
data/training/Actor_20/03-02-01-01-01-02-20_neutral.wav,neutral
data/training/Actor_20/20_01_01_01_dogs-sitting_neutral.wav,neutral
data/training/Actor_20/03-02-01-01-02-01-20_neutral.wav,neutral
data/training/Actor_20/20_01_01_01_kids-talking_neutral.wav,neutral
data/training/Actor_20/03-02-01-01-01-01-20_neutral.wav,neutral
data/training/Actor_20/03-02-01-01-02-02-20_neutral.wav,neutral
data/training/Actor_21/03-02-01-01-02-01-21_neutral.wav,neutral
data/training/Actor_21/03-02-01-01-01-02-21_neutral.wav,neutral
data/training/Actor_21/21_01_01_02_kids-talking_neutral.wav,neutral
data/training/Actor_21/03-02-01-01-02-02-21_neutral.wav,neutral
data/training/Actor_21/21_01_01_02_dogs-sitting_neutral.wav,neutral
data/training/Actor_21/03-02-01-01-01-01-21_neutral.wav,neutral
data/training/Actor_21/21_01_01_01_dogs-sitting_neutral.wav,neutral
data/training/Actor_21/21_01_01_01_kids-talking_neutral.wav,neutral
data/training/Actor_26/26_01_01_01_keep_neutral.wav,neutral
data/training/Actor_26/26_01_01_01_shawl_neutral.wav,neutral
data/training/Actor_26/26_01_01_01_kick_neutral.wav,neutral
data/training/Actor_26/26_01_01_01_chain_neutral.wav,neutral
data/training/Actor_26/26_01_01_01_keg_neutral.wav,neutral
data/training/Actor_26/26_01_01_01_pain_neutral.wav,neutral
data/training/Actor_26/26_01_01_01_mop_neutral.wav,neutral
data/training/Actor_26/26_01_01_01_hire_neutral.wav,neutral
data/training/Actor_26/26_01_01_01_boat_neutral.wav,neutral
data/training/Actor_26/26_01_01_01_ton_neutral.wav,neutral
data/training/Actor_26/26_01_01_01_dead_neutral.wav,neutral
data/training/Actor_26/26_01_01_01_chat_neutral.wav,neutral
data/training/Actor_26/26_01_01_01_when_neutral.wav,neutral
data/training/Actor_26/26_01_01_01_sheep_neutral.wav,neutral
data/training/Actor_26/26_01_01_01_thin_neutral.wav,neutral
data/training/Actor_26/26_01_01_01_lid_neutral.wav,neutral
data/training/Actor_26/26_01_01_01_soap_neutral.wav,neutral
data/training/Actor_26/26_01_01_01_germ_neutral.wav,neutral
data/training/Actor_26/26_01_01_01_life_neutral.wav,neutral
data/training/Actor_26/26_01_01_01_jail_neutral.wav,neutral
data/training/Actor_26/26_01_01_01_voice_neutral.wav,neutral
data/training/Actor_26/26_01_01_01_deep_neutral.wav,neutral
data/training/Actor_26/26_01_01_01_hash_neutral.wav,neutral
data/training/Actor_26/26_01_01_01_raid_neutral.wav,neutral
data/training/Actor_26/26_01_01_01_mode_neutral.wav,neutral
data/training/Actor_26/26_01_01_01_pearl_neutral.wav,neutral
data/training/Actor_26/26_01_01_01_said_neutral.wav,neutral
data/training/Actor_26/26_01_01_01_neat_neutral.wav,neutral
data/training/Actor_26/26_01_01_01_rose_neutral.wav,neutral
data/training/Actor_26/26_01_01_01_gaze_neutral.wav,neutral
data/training/Actor_26/26_01_01_01_raise_neutral.wav,neutral
data/training/Actor_26/26_01_01_01_ditch_neutral.wav,neutral
data/training/Actor_26/26_01_01_01_nag_neutral.wav,neutral
data/training/Actor_26/26_01_01_01_void_neutral.wav,neutral
data/training/Actor_26/26_01_01_01_gun_neutral.wav,neutral
data/training/Actor_26/26_01_01_01_knock_neutral.wav,neutral
data/training/Actor_26/26_01_01_01_haze_neutral.wav,neutral
data/training/Actor_26/26_01_01_01_fit_neutral.wav,neutral
data/training/Actor_26/26_01_01_01_pass_neutral.wav,neutral
data/training/Actor_26/26_01_01_01_ripe_neutral.wav,neutral
data/training/Actor_26/26_01_01_01_rush_neutral.wav,neutral
data/training/Actor_26/26_01_01_01_luck_neutral.wav,neutral
data/training/Actor_26/26_01_01_01_check_neutral.wav,neutral
data/training/Actor_26/26_01_01_01_mill_neutral.wav,neutral
data/training/Actor_26/26_01_01_01_pole_neutral.wav,neutral
data/training/Actor_26/26_01_01_01_fail_neutral.wav,neutral
data/training/Actor_26/26_01_01_01_hit_neutral.wav,neutral
data/training/Actor_26/26_01_01_01_bean_neutral.wav,neutral
data/training/Actor_26/26_01_01_01_youth_neutral.wav,neutral
data/training/Actor_26/26_01_01_01_dime_neutral.wav,neutral
data/training/Actor_26/26_01_01_01_love_neutral.wav,neutral
data/training/Actor_26/26_01_01_01_laud_neutral.wav,neutral
data/training/Actor_26/26_01_01_01_beg_neutral.wav,neutral
data/training/Actor_26/26_01_01_01_hurl_neutral.wav,neutral
data/training/Actor_26/26_01_01_01_soup_neutral.wav,neutral
data/training/Actor_26/26_01_01_01_rat_neutral.wav,neutral
data/training/Actor_26/26_01_01_01_lease_neutral.wav,neutral
data/training/Actor_26/26_01_01_01_room_neutral.wav,neutral
data/training/Actor_26/26_01_01_01_cab_neutral.wav,neutral
data/training/Actor_26/26_01_01_01_king_neutral.wav,neutral
data/training/Actor_26/26_01_01_01_bite_neutral.wav,neutral
data/training/Actor_26/26_01_01_01_chief_neutral.wav,neutral
data/training/Actor_26/26_01_01_01_vine_neutral.wav,neutral
data/training/Actor_26/26_01_01_01_match_neutral.wav,neutral
data/training/Actor_26/26_01_01_01_sell_neutral.wav,neutral
data/training/Actor_26/26_01_01_01_dab_neutral.wav,neutral
data/training/Actor_26/26_01_01_01_have_neutral.wav,neutral
data/training/Actor_26/26_01_01_01_bath_neutral.wav,neutral
data/training/Actor_26/26_01_01_01_page_neutral.wav,neutral
data/training/Actor_26/26_01_01_01_kite_neutral.wav,neutral
data/training/Actor_26/26_01_01_01_dip_neutral.wav,neutral
data/training/Actor_26/26_01_01_01_lot_neutral.wav,neutral
data/training/Actor_26/26_01_01_01_take_neutral.wav,neutral
data/training/Actor_26/26_01_01_01_near_neutral.wav,neutral
data/training/Actor_26/26_01_01_01_cheek_neutral.wav,neutral
data/training/Actor_26/26_01_01_01_peg_neutral.wav,neutral
data/training/Actor_26/26_01_01_01_kill_neutral.wav,neutral
data/training/Actor_26/26_01_01_01_shout_neutral.wav,neutral
data/training/Actor_26/26_01_01_01_lean_neutral.wav,neutral
data/training/Actor_26/26_01_01_01_rain_neutral.wav,neutral
data/training/Actor_26/26_01_01_01_tell_neutral.wav,neutral
data/training/Actor_26/26_01_01_01_turn_neutral.wav,neutral
data/training/Actor_26/26_01_01_01_chair_neutral.wav,neutral
data/training/Actor_26/26_01_01_01_bone_neutral.wav,neutral
data/training/Actor_26/26_01_01_01_witch_neutral.wav,neutral
data/training/Actor_26/26_01_01_01_vote_neutral.wav,neutral
data/training/Actor_26/26_01_01_01_cool_neutral.wav,neutral
data/training/Actor_26/26_01_01_01_week_neutral.wav,neutral
data/training/Actor_26/26_01_01_01_calm_neutral.wav,neutral
data/training/Actor_26/26_01_01_01_size_neutral.wav,neutral
data/training/Actor_26/26_01_01_01_rag_neutral.wav,neutral
data/training/Actor_26/26_01_01_01_hate_neutral.wav,neutral
data/training/Actor_26/26_01_01_01_get_neutral.wav,neutral
data/training/Actor_26/26_01_01_01_rough_neutral.wav,neutral
data/training/Actor_26/26_01_01_01_hall_neutral.wav,neutral
data/training/Actor_26/26_01_01_01_lore_neutral.wav,neutral
data/training/Actor_26/26_01_01_01_nice_neutral.wav,neutral
data/training/Actor_26/26_01_01_01_read_neutral.wav,neutral
data/training/Actor_26/26_01_01_01_talk_neutral.wav,neutral
data/training/Actor_26/26_01_01_01_good_neutral.wav,neutral
data/training/Actor_26/26_01_01_01_such_neutral.wav,neutral
data/training/Actor_26/26_01_01_01_sail_neutral.wav,neutral
data/training/Actor_26/26_01_01_01_goal_neutral.wav,neutral
data/training/Actor_26/26_01_01_01_pike_neutral.wav,neutral
data/training/Actor_26/26_01_01_01_numb_neutral.wav,neutral
data/training/Actor_26/26_01_01_01_back_neutral.wav,neutral
data/training/Actor_26/26_01_01_01_sour_neutral.wav,neutral
data/training/Actor_26/26_01_01_01_name_neutral.wav,neutral
data/training/Actor_26/26_01_01_01_tip_neutral.wav,neutral
data/training/Actor_26/26_01_01_01_should_neutral.wav,neutral
data/training/Actor_26/26_01_01_01_pool_neutral.wav,neutral
data/training/Actor_26/26_01_01_01_long_neutral.wav,neutral
data/training/Actor_26/26_01_01_01_moon_neutral.wav,neutral
data/training/Actor_26/26_01_01_01_wag_neutral.wav,neutral
data/training/Actor_26/26_01_01_01_live_neutral.wav,neutral
data/training/Actor_26/26_01_01_01_mob_neutral.wav,neutral
data/training/Actor_26/26_01_01_01_fall_neutral.wav,neutral
data/training/Actor_26/26_01_01_01_doll_neutral.wav,neutral
data/training/Actor_26/26_01_01_01_fat_neutral.wav,neutral
data/training/Actor_26/26_01_01_01_south_neutral.wav,neutral
data/training/Actor_26/26_01_01_01_yearn_neutral.wav,neutral
data/training/Actor_26/26_01_01_01_seize_neutral.wav,neutral
data/training/Actor_26/26_01_01_01_dodge_neutral.wav,neutral
data/training/Actor_26/26_01_01_01_learn_neutral.wav,neutral
data/training/Actor_26/26_01_01_01_wash_neutral.wav,neutral
data/training/Actor_26/26_01_01_01_lose_neutral.wav,neutral
data/training/Actor_26/26_01_01_01_sure_neutral.wav,neutral
data/training/Actor_26/26_01_01_01_bought_neutral.wav,neutral
data/training/Actor_26/26_01_01_01_book_neutral.wav,neutral
data/training/Actor_26/26_01_01_01_tape_neutral.wav,neutral
data/training/Actor_26/26_01_01_01_team_neutral.wav,neutral
data/training/Actor_26/26_01_01_01_limb_neutral.wav,neutral
data/training/Actor_26/26_01_01_01_shack_neutral.wav,neutral
data/training/Actor_26/26_01_01_01_food_neutral.wav,neutral
data/training/Actor_26/26_01_01_01_merge_neutral.wav,neutral
data/training/Actor_26/26_01_01_01_gas_neutral.wav,neutral
data/training/Actor_26/26_01_01_01_shirt_neutral.wav,neutral
data/training/Actor_26/26_01_01_01_loaf_neutral.wav,neutral
data/training/Actor_26/26_01_01_01_wire_neutral.wav,neutral
data/training/Actor_26/26_01_01_01_mouse_neutral.wav,neutral
data/training/Actor_26/26_01_01_01_wheat_neutral.wav,neutral
data/training/Actor_26/26_01_01_01_perch_neutral.wav,neutral
data/training/Actor_26/26_01_01_01_reach_neutral.wav,neutral
data/training/Actor_26/26_01_01_01_ring_neutral.wav,neutral
data/training/Actor_26/26_01_01_01_tool_neutral.wav,neutral
data/training/Actor_26/26_01_01_01_gap_neutral.wav,neutral
data/training/Actor_26/26_01_01_01_puff_neutral.wav,neutral
data/training/Actor_26/26_01_01_01_walk_neutral.wav,neutral
data/training/Actor_26/26_01_01_01_home_neutral.wav,neutral
data/training/Actor_26/26_01_01_01_red_neutral.wav,neutral
data/training/Actor_26/26_01_01_01_chalk_neutral.wav,neutral
data/training/Actor_26/26_01_01_01_date_neutral.wav,neutral
data/training/Actor_26/26_01_01_01_third_neutral.wav,neutral
data/training/Actor_26/26_01_01_01_goose_neutral.wav,neutral
data/training/Actor_26/26_01_01_01_shall_neutral.wav,neutral
data/training/Actor_26/26_01_01_01_thumb_neutral.wav,neutral
data/training/Actor_26/26_01_01_01_door_neutral.wav,neutral
data/training/Actor_26/26_01_01_01_note_neutral.wav,neutral
data/training/Actor_26/26_01_01_01_late_neutral.wav,neutral
data/training/Actor_26/26_01_01_01_choice_neutral.wav,neutral
data/training/Actor_26/26_01_01_01_pad_neutral.wav,neutral
data/training/Actor_26/26_01_01_01_tough_neutral.wav,neutral
data/training/Actor_26/26_01_01_01_search_neutral.wav,neutral
data/training/Actor_26/26_01_01_01_sub_neutral.wav,neutral
data/training/Actor_26/26_01_01_01_dog_neutral.wav,neutral
data/training/Actor_26/26_01_01_01_young_neutral.wav,neutral
data/training/Actor_26/26_01_01_01_time_neutral.wav,neutral
data/training/Actor_26/26_01_01_01_five_neutral.wav,neutral
data/training/Actor_26/26_01_01_01_bar_neutral.wav,neutral
data/training/Actor_26/26_01_01_01_cause_neutral.wav,neutral
data/training/Actor_26/26_01_01_01_rot_neutral.wav,neutral
data/training/Actor_26/26_01_01_01_hole_neutral.wav,neutral
data/training/Actor_26/26_01_01_01_thought_neutral.wav,neutral
data/training/Actor_26/26_01_01_01_gin_neutral.wav,neutral
data/training/Actor_26/26_01_01_01_hush_neutral.wav,neutral
data/training/Actor_26/26_01_01_01_half_neutral.wav,neutral
data/training/Actor_26/26_01_01_01_white_neutral.wav,neutral
data/training/Actor_26/26_01_01_01_pick_neutral.wav,neutral
data/training/Actor_26/26_01_01_01_death_neutral.wav,neutral
data/training/Actor_26/26_01_01_01_far_neutral.wav,neutral
data/training/Actor_26/26_01_01_01_whip_neutral.wav,neutral
data/training/Actor_26/26_01_01_01_burn_neutral.wav,neutral
data/training/Actor_26/26_01_01_01_make_neutral.wav,neutral
data/training/Actor_26/26_01_01_01_phone_neutral.wav,neutral
data/training/Actor_26/26_01_01_01_tire_neutral.wav,neutral
data/training/Actor_26/26_01_01_01_road_neutral.wav,neutral
data/training/Actor_26/26_01_01_01_mood_neutral.wav,neutral
data/training/Actor_26/26_01_01_01_mess_neutral.wav,neutral
data/training/Actor_26/26_01_01_01_wife_neutral.wav,neutral
data/training/Actor_26/26_01_01_01_yes_neutral.wav,neutral
data/training/Actor_26/26_01_01_01_base_neutral.wav,neutral
data/training/Actor_26/26_01_01_01_which_neutral.wav,neutral
data/training/Actor_26/26_01_01_01_came_neutral.wav,neutral
data/training/Actor_26/26_01_01_01_met_neutral.wav,neutral
data/training/Actor_19/03-02-01-01-01-01-19_neutral.wav,neutral
data/training/Actor_19/19_01_01_02_kids-talking_neutral.wav,neutral
data/training/Actor_19/03-02-01-01-02-02-19_neutral.wav,neutral
data/training/Actor_19/19_01_01_02_dogs-sitting_neutral.wav,neutral
data/training/Actor_19/19_02_01_01_dogs-sitting_neutral.wav,neutral
data/training/Actor_19/03-02-01-01-01-02-19_neutral.wav,neutral
data/training/Actor_19/19_02_01_01_kids-talking_neutral.wav,neutral
data/training/Actor_19/03-02-01-01-02-01-19_neutral.wav,neutral
data/training/Actor_19/19_01_01_01_dogs-sitting_neutral.wav,neutral
data/training/Actor_19/19_01_01_01_kids-talking_neutral.wav,neutral
data/training/Actor_19/19_02_01_02_kids-talking_neutral.wav,neutral
data/training/Actor_19/19_02_01_02_dogs-sitting_neutral.wav,neutral
data/training/Actor_10/10_02_01_02_kids-talking_neutral.wav,neutral
data/training/Actor_10/10_02_01_02_dogs-sitting_neutral.wav,neutral
data/training/Actor_10/10_01_01_01_dogs-sitting_neutral.wav,neutral
data/training/Actor_10/10_01_01_01_kids-talking_neutral.wav,neutral
data/training/Actor_10/10_02_01_01_dogs-sitting_neutral.wav,neutral
data/training/Actor_10/10_02_01_01_kids-talking_neutral.wav,neutral
data/training/Actor_10/10_01_01_02_kids-talking_neutral.wav,neutral
data/training/Actor_10/10_01_01_02_dogs-sitting_neutral.wav,neutral
data/training/Actor_17/17_02_01_01_kids-talking_neutral.wav,neutral
data/training/Actor_17/17_02_01_01_dogs-sitting_neutral.wav,neutral
data/training/Actor_17/17_02_01_02_dogs-sitting_neutral.wav,neutral
data/training/Actor_17/03-02-01-01-02-01-17_neutral.wav,neutral
data/training/Actor_17/17_02_01_02_kids-talking_neutral.wav,neutral
data/training/Actor_17/03-02-01-01-01-02-17_neutral.wav,neutral
data/training/Actor_17/03-02-01-01-02-02-17_neutral.wav,neutral
data/training/Actor_17/03-02-01-01-01-01-17_neutral.wav,neutral
data/training/Actor_04/04_02_01_01_dogs-sitting_neutral.wav,neutral
data/training/Actor_04/04_02_01_01_kids-talking_neutral.wav,neutral
data/training/Actor_04/04_01_01_02_kids-talking_neutral.wav,neutral
data/training/Actor_04/04_01_01_02_dogs-sitting_neutral.wav,neutral
data/training/Actor_04/03-02-01-01-02-02-04_neutral.wav,neutral
data/training/Actor_04/04_02_01_02_kids-talking_neutral.wav,neutral
data/training/Actor_04/03-02-01-01-01-01-04_neutral.wav,neutral
data/training/Actor_04/04_02_01_02_dogs-sitting_neutral.wav,neutral
data/training/Actor_04/03-02-01-01-02-01-04_neutral.wav,neutral
data/training/Actor_04/04_01_01_01_dogs-sitting_neutral.wav,neutral
data/training/Actor_04/03-02-01-01-01-02-04_neutral.wav,neutral
data/training/Actor_04/04_01_01_01_kids-talking_neutral.wav,neutral
data/training/Actor_03/03_02_01_02_dogs-sitting_neutral.wav,neutral
data/training/Actor_03/03-02-01-01-01-02-03_neutral.wav,neutral
data/training/Actor_03/03_02_01_02_kids-talking_neutral.wav,neutral
data/training/Actor_03/03-02-01-01-02-01-03_neutral.wav,neutral
data/training/Actor_03/03_01_01_01_kids-talking_neutral.wav,neutral
data/training/Actor_03/03-02-01-01-01-01-03_neutral.wav,neutral
data/training/Actor_03/03_01_01_01_dogs-sitting_neutral.wav,neutral
data/training/Actor_03/03-02-01-01-02-02-03_neutral.wav,neutral
data/training/Actor_03/03_02_01_01_kids-talking_neutral.wav,neutral
data/training/Actor_03/03_02_01_01_dogs-sitting_neutral.wav,neutral
data/training/Actor_03/03_01_01_02_dogs-sitting_neutral.wav,neutral
data/training/Actor_03/03_01_01_02_kids-talking_neutral.wav,neutral
data/training/Actor_02/02_01_01_01_kids-talking_neutral.wav,neutral
data/training/Actor_02/02_01_01_01_dogs-sitting_neutral.wav,neutral
data/training/Actor_02/02_02_01_02_dogs-sitting_neutral.wav,neutral
data/training/Actor_02/02_02_01_02_kids-talking_neutral.wav,neutral
data/training/Actor_02/03-02-01-01-02-01-02_neutral.wav,neutral
data/training/Actor_02/02_01_01_02_dogs-sitting_neutral.wav,neutral
data/training/Actor_02/03-02-01-01-01-02-02_neutral.wav,neutral
data/training/Actor_02/02_01_01_02_kids-talking_neutral.wav,neutral
data/training/Actor_02/03-02-01-01-02-02-02_neutral.wav,neutral
data/training/Actor_02/02_02_01_01_kids-talking_neutral.wav,neutral
data/training/Actor_02/03-02-01-01-01-01-02_neutral.wav,neutral
data/training/Actor_02/02_02_01_01_dogs-sitting_neutral.wav,neutral
data/training/Actor_05/05_01_01_02_kids-talking_neutral.wav,neutral
data/training/Actor_05/03-02-01-01-01-01-05_neutral.wav,neutral
data/training/Actor_05/05_01_01_02_dogs-sitting_neutral.wav,neutral
data/training/Actor_05/03-02-01-01-02-02-05_neutral.wav,neutral
data/training/Actor_05/05_02_01_01_dogs-sitting_neutral.wav,neutral
data/training/Actor_05/03-02-01-01-01-02-05_neutral.wav,neutral
data/training/Actor_05/05_02_01_01_kids-talking_neutral.wav,neutral
data/training/Actor_05/03-02-01-01-02-01-05_neutral.wav,neutral
data/training/Actor_05/05_01_01_01_dogs-sitting_neutral.wav,neutral
data/training/Actor_05/05_01_01_01_kids-talking_neutral.wav,neutral
data/training/Actor_05/05_02_01_02_kids-talking_neutral.wav,neutral
data/training/Actor_05/05_02_01_02_dogs-sitting_neutral.wav,neutral
data/training/Actor_12/12_02_01_02_dogs-sitting_neutral.wav,neutral
data/training/Actor_12/12_02_01_02_kids-talking_neutral.wav,neutral
data/training/Actor_12/12_01_01_01_kids-talking_neutral.wav,neutral
data/training/Actor_12/12_01_01_01_dogs-sitting_neutral.wav,neutral
data/training/Actor_12/03-02-01-01-01-02-12_neutral.wav,neutral
data/training/Actor_12/12_02_01_01_kids-talking_neutral.wav,neutral
data/training/Actor_12/03-02-01-01-02-01-12_neutral.wav,neutral
data/training/Actor_12/12_02_01_01_dogs-sitting_neutral.wav,neutral
data/training/Actor_12/03-02-01-01-01-01-12_neutral.wav,neutral
data/training/Actor_12/12_01_01_02_dogs-sitting_neutral.wav,neutral
data/training/Actor_12/03-02-01-01-02-02-12_neutral.wav,neutral
data/training/Actor_12/12_01_01_02_kids-talking_neutral.wav,neutral
data/training/Actor_15/15_02_01_01_dogs-sitting_neutral.wav,neutral
data/training/Actor_15/03-02-01-01-02-02-15_neutral.wav,neutral
data/training/Actor_15/15_02_01_01_kids-talking_neutral.wav,neutral
data/training/Actor_15/03-02-01-01-01-01-15_neutral.wav,neutral
data/training/Actor_15/03-02-01-01-02-01-15_neutral.wav,neutral
data/training/Actor_15/03-02-01-01-01-02-15_neutral.wav,neutral
data/training/Actor_15/15_02_01_02_kids-talking_neutral.wav,neutral
data/training/Actor_15/15_02_01_02_dogs-sitting_neutral.wav,neutral
data/training/Actor_23/23_01_01_02_dogs-sitting_neutral.wav,neutral
data/training/Actor_23/23_01_01_02_kids-talking_neutral.wav,neutral
data/training/Actor_23/03-02-01-01-02-02-23_neutral.wav,neutral
data/training/Actor_23/03-02-01-01-01-01-23_neutral.wav,neutral
data/training/Actor_23/23_01_01_01_kids-talking_neutral.wav,neutral
data/training/Actor_23/03-02-01-01-02-01-23_neutral.wav,neutral
data/training/Actor_23/23_01_01_01_dogs-sitting_neutral.wav,neutral
data/training/Actor_23/03-02-01-01-01-02-23_neutral.wav,neutral
data/training/Actor_24/03-02-01-01-01-02-24_neutral.wav,neutral
data/training/Actor_24/24_02_01_02_kids-talking_neutral.wav,neutral
data/training/Actor_24/03-02-01-01-02-01-24_neutral.wav,neutral
data/training/Actor_24/24_02_01_02_dogs-sitting_neutral.wav,neutral
data/training/Actor_24/03-02-01-01-01-01-24_neutral.wav,neutral
data/training/Actor_24/24_01_01_01_dogs-sitting_neutral.wav,neutral
data/training/Actor_24/03-02-01-01-02-02-24_neutral.wav,neutral
data/training/Actor_24/24_01_01_01_kids-talking_neutral.wav,neutral
data/training/Actor_24/24_02_01_01_dogs-sitting_neutral.wav,neutral
data/training/Actor_24/24_02_01_01_kids-talking_neutral.wav,neutral
data/training/Actor_24/24_01_01_02_kids-talking_neutral.wav,neutral
data/training/Actor_24/24_01_01_02_dogs-sitting_neutral.wav,neutral
data/training/Actor_25/25_01_01_01_wire_neutral.wav,neutral
data/training/Actor_25/25_01_01_01_learn_neutral.wav,neutral
data/training/Actor_25/25_01_01_01_loaf_neutral.wav,neutral
data/training/Actor_25/25_01_01_01_tape_neutral.wav,neutral
data/training/Actor_25/25_01_01_01_south_neutral.wav,neutral
data/training/Actor_25/25_01_01_01_team_neutral.wav,neutral
data/training/Actor_25/25_01_01_01_gas_neutral.wav,neutral
data/training/Actor_25/25_01_01_01_yearn_neutral.wav,neutral
data/training/Actor_25/25_01_01_01_keen_neutral.wav,neutral
data/training/Actor_25/25_01_01_01_sure_neutral.wav,neutral
data/training/Actor_25/25_01_01_01_seize_neutral.wav,neutral
data/training/Actor_25/25_01_01_01_food_neutral.wav,neutral
data/training/Actor_25/25_01_01_01_limb_neutral.wav,neutral
data/training/Actor_25/25_01_01_01_search_neutral.wav,neutral
data/training/Actor_25/25_01_01_01_mouse_neutral.wav,neutral
data/training/Actor_25/25_01_01_01_merge_neutral.wav,neutral
data/training/Actor_25/25_01_01_01_lose_neutral.wav,neutral
data/training/Actor_25/25_01_01_01_fat_neutral.wav,neutral
data/training/Actor_25/25_01_01_01_shirt_neutral.wav,neutral
data/training/Actor_25/25_01_01_01_wash_neutral.wav,neutral
data/training/Actor_25/25_01_01_01_join_neutral.wav,neutral
data/training/Actor_25/25_01_01_01_shack_neutral.wav,neutral
data/training/Actor_25/25_01_01_01_moon_neutral.wav,neutral
data/training/Actor_25/25_01_01_01_pool_neutral.wav,neutral
data/training/Actor_25/25_01_01_01_juice_neutral.wav,neutral
data/training/Actor_25/25_01_01_01_long_neutral.wav,neutral
data/training/Actor_25/25_01_01_01_live_neutral.wav,neutral
data/training/Actor_25/25_01_01_01_tip_neutral.wav,neutral
data/training/Actor_25/25_01_01_01_rough_neutral.wav,neutral
data/training/Actor_25/25_01_01_01_numb_neutral.wav,neutral
data/training/Actor_25/25_01_01_01_pike_neutral.wav,neutral
data/training/Actor_25/25_01_01_01_wag_neutral.wav,neutral
data/training/Actor_25/25_01_01_01_goal_neutral.wav,neutral
data/training/Actor_25/25_01_01_01_mob_neutral.wav,neutral
data/training/Actor_25/25_01_01_01_sour_neutral.wav,neutral
data/training/Actor_25/25_01_01_01_name_neutral.wav,neutral
data/training/Actor_25/25_01_01_01_talk_neutral.wav,neutral
data/training/Actor_25/25_01_01_01_read_neutral.wav,neutral
data/training/Actor_25/25_01_01_01_get_neutral.wav,neutral
data/training/Actor_25/25_01_01_01_such_neutral.wav,neutral
data/training/Actor_25/25_01_01_01_good_neutral.wav,neutral
data/training/Actor_25/25_01_01_01_sail_neutral.wav,neutral
data/training/Actor_25/25_01_01_01_hate_neutral.wav,neutral
data/training/Actor_25/25_01_01_01_nice_neutral.wav,neutral
data/training/Actor_25/25_01_01_01_lore_neutral.wav,neutral
data/training/Actor_25/25_01_01_01_hall_neutral.wav,neutral
data/training/Actor_25/25_01_01_01_wife_neutral.wav,neutral
data/training/Actor_25/25_01_01_01_white_neutral.wav,neutral
data/training/Actor_25/25_01_01_01_road_neutral.wav,neutral
data/training/Actor_25/25_01_01_01_tire_neutral.wav,neutral
data/training/Actor_25/25_01_01_01_make_neutral.wav,neutral
data/training/Actor_25/25_01_01_01_yes_neutral.wav,neutral
data/training/Actor_25/25_01_01_01_met_neutral.wav,neutral
data/training/Actor_25/25_01_01_01_young_neutral.wav,neutral
data/training/Actor_25/25_01_01_01_mess_neutral.wav,neutral
data/training/Actor_25/25_01_01_01_mood_neutral.wav,neutral
data/training/Actor_25/25_01_01_01_half_neutral.wav,neutral
data/training/Actor_25/25_01_01_01_hush_neutral.wav,neutral
data/training/Actor_25/25_01_01_01_which_neutral.wav,neutral
data/training/Actor_25/25_01_01_01_sub_neutral.wav,neutral
data/training/Actor_25/25_01_01_01_whip_neutral.wav,neutral
data/training/Actor_25/25_01_01_01_rot_neutral.wav,neutral
data/training/Actor_25/25_01_01_01_pick_neutral.wav,neutral
data/training/Actor_25/25_01_01_01_gin_neutral.wav,neutral
data/training/Actor_25/25_01_01_01_hole_neutral.wav,neutral
data/training/Actor_25/25_01_01_01_phone_neutral.wav,neutral
data/training/Actor_25/25_01_01_01_five_neutral.wav,neutral
data/training/Actor_25/25_01_01_01_time_neutral.wav,neutral
data/training/Actor_25/25_01_01_01_note_neutral.wav,neutral
data/training/Actor_25/25_01_01_01_should_neutral.wav,neutral
data/training/Actor_25/25_01_01_01_late_neutral.wav,neutral
data/training/Actor_25/25_01_01_01_reach_neutral.wav,neutral
data/training/Actor_25/25_01_01_01_pad_neutral.wav,neutral
data/training/Actor_25/25_01_01_01_wheat_neutral.wav,neutral
data/training/Actor_25/25_01_01_01_perch_neutral.wav,neutral
data/training/Actor_25/25_01_01_01_tough_neutral.wav,neutral
data/training/Actor_25/25_01_01_01_shall_neutral.wav,neutral
data/training/Actor_25/25_01_01_01_gap_neutral.wav,neutral
data/training/Actor_25/25_01_01_01_thumb_neutral.wav,neutral
data/training/Actor_25/25_01_01_01_home_neutral.wav,neutral
data/training/Actor_25/25_01_01_01_goose_neutral.wav,neutral
data/training/Actor_25/25_01_01_01_third_neutral.wav,neutral
data/training/Actor_25/25_01_01_01_puff_neutral.wav,neutral
data/training/Actor_25/25_01_01_01_walk_neutral.wav,neutral
data/training/Actor_25/25_01_01_01_tool_neutral.wav,neutral
data/training/Actor_25/25_01_01_01_ring_neutral.wav,neutral
data/training/Actor_25/25_01_01_01_red_neutral.wav,neutral
data/training/Actor_25/25_01_01_01_gun_neutral.wav,neutral
data/training/Actor_25/25_01_01_01_pass_neutral.wav,neutral
data/training/Actor_25/25_01_01_01_rush_neutral.wav,neutral
data/training/Actor_25/25_01_01_01_ripe_neutral.wav,neutral
data/training/Actor_25/25_01_01_01_raise_neutral.wav,neutral
data/training/Actor_25/25_01_01_01_fit_neutral.wav,neutral
data/training/Actor_25/25_01_01_01_void_neutral.wav,neutral
data/training/Actor_25/25_01_01_01_haze_neutral.wav,neutral
data/training/Actor_25/25_01_01_01_pearl_neutral.wav,neutral
data/training/Actor_25/25_01_01_01_gaze_neutral.wav,neutral
data/training/Actor_25/25_01_01_01_rose_neutral.wav,neutral
data/training/Actor_25/25_01_01_01_neat_neutral.wav,neutral
data/training/Actor_25/25_01_01_01_nag_neutral.wav,neutral
data/training/Actor_25/25_01_01_01_said_neutral.wav,neutral
data/training/Actor_25/25_01_01_01_knock_neutral.wav,neutral
data/training/Actor_25/25_01_01_01_lid_neutral.wav,neutral
data/training/Actor_25/25_01_01_01_raid_neutral.wav,neutral
data/training/Actor_25/25_01_01_01_mode_neutral.wav,neutral
data/training/Actor_25/25_01_01_01_hash_neutral.wav,neutral
data/training/Actor_25/25_01_01_01_thin_neutral.wav,neutral
data/training/Actor_25/25_01_01_01_shawl_neutral.wav,neutral
data/training/Actor_25/25_01_01_01_jail_neutral.wav,neutral
data/training/Actor_25/25_01_01_01_life_neutral.wav,neutral
data/training/Actor_25/25_01_01_01_germ_neutral.wav,neutral
data/training/Actor_25/25_01_01_01_judge_neutral.wav,neutral
data/training/Actor_25/25_01_01_01_soap_neutral.wav,neutral
data/training/Actor_25/25_01_01_01_when_neutral.wav,neutral
data/training/Actor_25/25_01_01_01_keg_neutral.wav,neutral
data/training/Actor_25/25_01_01_01_hire_neutral.wav,neutral
data/training/Actor_25/25_01_01_01_voice_neutral.wav,neutral
data/training/Actor_25/25_01_01_01_kick_neutral.wav,neutral
data/training/Actor_25/25_01_01_01_mop_neutral.wav,neutral
data/training/Actor_25/25_01_01_01_keep_neutral.wav,neutral
data/training/Actor_25/25_01_01_01_ton_neutral.wav,neutral
data/training/Actor_25/25_01_01_01_sheep_neutral.wav,neutral
data/training/Actor_25/25_01_01_01_pain_neutral.wav,neutral
data/training/Actor_25/25_01_01_01_week_neutral.wav,neutral
data/training/Actor_25/25_01_01_01_vote_neutral.wav,neutral
data/training/Actor_25/25_01_01_01_shout_neutral.wav,neutral
data/training/Actor_25/25_01_01_01_size_neutral.wav,neutral
data/training/Actor_25/25_01_01_01_rain_neutral.wav,neutral
data/training/Actor_25/25_01_01_01_tell_neutral.wav,neutral
data/training/Actor_25/25_01_01_01_match_neutral.wav,neutral
data/training/Actor_25/25_01_01_01_rag_neutral.wav,neutral
data/training/Actor_25/25_01_01_01_turn_neutral.wav,neutral
data/training/Actor_25/25_01_01_01_jug_neutral.wav,neutral
data/training/Actor_25/25_01_01_01_take_neutral.wav,neutral
data/training/Actor_25/25_01_01_01_kite_neutral.wav,neutral
data/training/Actor_25/25_01_01_01_lean_neutral.wav,neutral
data/training/Actor_25/25_01_01_01_kill_neutral.wav,neutral
data/training/Actor_25/25_01_01_01_witch_neutral.wav,neutral
data/training/Actor_25/25_01_01_01_near_neutral.wav,neutral
data/training/Actor_25/25_01_01_01_lot_neutral.wav,neutral
data/training/Actor_25/25_01_01_01_sell_neutral.wav,neutral
data/training/Actor_25/25_01_01_01_page_neutral.wav,neutral
data/training/Actor_25/25_01_01_01_thought_neutral.wav,neutral
data/training/Actor_25/25_01_01_01_have_neutral.wav,neutral
data/training/Actor_25/25_01_01_01_peg_neutral.wav,neutral
data/training/Actor_25/25_01_01_01_rat_neutral.wav,neutral
data/training/Actor_25/25_01_01_01_vine_neutral.wav,neutral
data/training/Actor_25/25_01_01_01_youth_neutral.wav,neutral
data/training/Actor_25/25_01_01_01_king_neutral.wav,neutral
data/training/Actor_25/25_01_01_01_soup_neutral.wav,neutral
data/training/Actor_25/25_01_01_01_room_neutral.wav,neutral
data/training/Actor_25/25_01_01_01_love_neutral.wav,neutral
data/training/Actor_25/25_01_01_01_jar_neutral.wav,neutral
data/training/Actor_25/25_01_01_01_hurl_neutral.wav,neutral
data/training/Actor_25/25_01_01_01_laud_neutral.wav,neutral
data/training/Actor_25/25_01_01_01_luck_neutral.wav,neutral
data/training/Actor_25/25_01_01_01_lease_neutral.wav,neutral
data/training/Actor_25/25_01_01_01_hit_neutral.wav,neutral
data/training/Actor_25/25_01_01_01_mill_neutral.wav,neutral
data/training/Actor_25/25_01_01_01_pole_neutral.wav,neutral
data/training/Actor_22/03-02-01-01-01-01-22_neutral.wav,neutral
data/training/Actor_22/22_01_01_02_dogs-sitting_neutral.wav,neutral
data/training/Actor_22/03-02-01-01-02-02-22_neutral.wav,neutral
data/training/Actor_22/22_01_01_02_kids-talking_neutral.wav,neutral
data/training/Actor_22/03-02-01-01-01-02-22_neutral.wav,neutral
data/training/Actor_22/03-02-01-01-02-01-22_neutral.wav,neutral
data/training/Actor_22/22_01_01_01_kids-talking_neutral.wav,neutral
data/training/Actor_22/22_01_01_01_dogs-sitting_neutral.wav,neutral
data/training/Actor_14/14_02_01_01_dogs-sitting_neutral.wav,neutral
data/training/Actor_14/14_02_01_01_kids-talking_neutral.wav,neutral
data/training/Actor_14/03-02-01-01-01-01-14_neutral.wav,neutral
data/training/Actor_14/03-02-01-01-02-02-14_neutral.wav,neutral
data/training/Actor_14/03-02-01-01-01-02-14_neutral.wav,neutral
data/training/Actor_14/14_02_01_02_kids-talking_neutral.wav,neutral
data/training/Actor_14/03-02-01-01-02-01-14_neutral.wav,neutral
data/training/Actor_14/14_02_01_02_dogs-sitting_neutral.wav,neutral
data/training/Actor_13/13_01_01_01_kids-talking_neutral.wav,neutral
data/training/Actor_13/03-02-01-01-02-01-13_neutral.wav,neutral
data/training/Actor_13/13_01_01_01_dogs-sitting_neutral.wav,neutral
data/training/Actor_13/03-02-01-01-01-02-13_neutral.wav,neutral
data/training/Actor_13/13_02_01_02_dogs-sitting_neutral.wav,neutral
data/training/Actor_13/03-02-01-01-02-02-13_neutral.wav,neutral
data/training/Actor_13/13_02_01_02_kids-talking_neutral.wav,neutral
data/training/Actor_13/03-02-01-01-01-01-13_neutral.wav,neutral
data/training/Actor_13/13_01_01_02_dogs-sitting_neutral.wav,neutral
data/training/Actor_13/13_01_01_02_kids-talking_neutral.wav,neutral
data/training/Actor_13/13_02_01_01_kids-talking_neutral.wav,neutral
data/training/Actor_13/13_02_01_01_dogs-sitting_neutral.wav,neutral
data/training/Actor_09/09_02_01_01_dogs-sitting_neutral.wav,neutral
data/training/Actor_09/09_02_01_01_kids-talking_neutral.wav,neutral
data/training/Actor_09/09_01_01_02_kids-talking_neutral.wav,neutral
data/training/Actor_09/09_01_01_02_dogs-sitting_neutral.wav,neutral
data/training/Actor_09/09_02_01_02_kids-talking_neutral.wav,neutral
data/training/Actor_09/09_02_01_02_dogs-sitting_neutral.wav,neutral
data/training/Actor_09/09_01_01_01_dogs-sitting_neutral.wav,neutral
data/training/Actor_09/09_01_01_01_kids-talking_neutral.wav,neutral
data/training/Actor_07/07_01_01_02_dogs-sitting_neutral.wav,neutral
data/training/Actor_07/07_01_01_02_kids-talking_neutral.wav,neutral
data/training/Actor_07/07_02_01_01_kids-talking_neutral.wav,neutral
data/training/Actor_07/07_02_01_01_dogs-sitting_neutral.wav,neutral
data/training/Actor_07/07_01_01_01_kids-talking_neutral.wav,neutral
data/training/Actor_07/07_01_01_01_dogs-sitting_neutral.wav,neutral
data/training/Actor_07/07_02_01_02_dogs-sitting_neutral.wav,neutral
data/training/Actor_07/07_02_01_02_kids-talking_neutral.wav,neutral
data/training/Actor_06/03-02-01-01-02-01-06_neutral.wav,neutral
data/training/Actor_06/06_02_01_01_kids-talking_neutral.wav,neutral
data/training/Actor_06/03-02-01-01-01-02-06_neutral.wav,neutral
data/training/Actor_06/06_02_01_01_dogs-sitting_neutral.wav,neutral
data/training/Actor_06/03-02-01-01-02-02-06_neutral.wav,neutral
data/training/Actor_06/06_01_01_02_dogs-sitting_neutral.wav,neutral
data/training/Actor_06/03-02-01-01-01-01-06_neutral.wav,neutral
data/training/Actor_06/06_01_01_02_kids-talking_neutral.wav,neutral
data/training/Actor_06/06_02_01_02_dogs-sitting_neutral.wav,neutral
data/training/Actor_06/06_02_01_02_kids-talking_neutral.wav,neutral
data/training/Actor_06/06_01_01_01_kids-talking_neutral.wav,neutral
data/training/Actor_06/06_01_01_01_dogs-sitting_neutral.wav,neutral
data/training/Actor_01/01_02_01_02_kids-talking_neutral.wav,neutral
data/training/Actor_01/01_02_01_02_dogs-sitting_neutral.wav,neutral
data/training/Actor_01/01_01_01_01_dogs-sitting_neutral.wav,neutral
data/training/Actor_01/01_01_01_01_kids-talking_neutral.wav,neutral
data/training/Actor_01/01_02_01_01_dogs-sitting_neutral.wav,neutral
data/training/Actor_01/03-02-01-01-01-01-01_neutral.wav,neutral
data/training/Actor_01/01_02_01_01_kids-talking_neutral.wav,neutral
data/training/Actor_01/03-02-01-01-02-02-01_neutral.wav,neutral
data/training/Actor_01/01_01_01_02_kids-talking_neutral.wav,neutral
data/training/Actor_01/03-02-01-01-01-02-01_neutral.wav,neutral
data/training/Actor_01/01_01_01_02_dogs-sitting_neutral.wav,neutral
data/training/Actor_01/03-02-01-01-02-01-01_neutral.wav,neutral
data/training/Actor_08/08_01_01_02_kids-talking_neutral.wav,neutral
data/training/Actor_08/08_01_01_02_dogs-sitting_neutral.wav,neutral
data/training/Actor_08/08_02_01_01_dogs-sitting_neutral.wav,neutral
data/training/Actor_08/08_02_01_01_kids-talking_neutral.wav,neutral
data/training/Actor_08/08_01_01_01_dogs-sitting_neutral.wav,neutral
data/training/Actor_08/08_01_01_01_kids-talking_neutral.wav,neutral
data/training/Actor_08/08_02_01_02_kids-talking_neutral.wav,neutral
data/training/Actor_08/08_02_01_02_dogs-sitting_neutral.wav,neutral
data/training/Actor_16/03-02-03-02-01-01-16_happy.wav,happy
data/training/Actor_16/16_02_02_01_kids-talking_happy.wav,happy
data/training/Actor_16/16_02_02_02_kids-talking_happy.wav,happy
data/training/Actor_16/03-02-03-01-01-01-16_happy.wav,happy
data/training/Actor_16/16_02_02_02_dogs-sitting_happy.wav,happy
data/training/Actor_16/03-02-03-01-02-02-16_happy.wav,happy
data/training/Actor_16/03-02-03-02-02-02-16_happy.wav,happy
data/training/Actor_16/16_02_02_01_dogs-sitting_happy.wav,happy
data/training/Actor_16/16_02_01_02_kids-talking_happy.wav,happy
data/training/Actor_16/03-02-03-01-02-01-16_happy.wav,happy
data/training/Actor_16/16_02_01_01_kids-talking_happy.wav,happy
data/training/Actor_16/03-02-03-02-02-01-16_happy.wav,happy
data/training/Actor_16/16_02_01_01_dogs-sitting_happy.wav,happy
data/training/Actor_16/03-02-03-02-01-02-16_happy.wav,happy
data/training/Actor_16/16_02_01_02_dogs-sitting_happy.wav,happy
data/training/Actor_16/03-02-03-01-01-02-16_happy.wav,happy
data/training/Actor_11/03-02-03-02-02-02-11_happy.wav,happy
data/training/Actor_11/11_01_01_02_kids-talking_happy.wav,happy
data/training/Actor_11/11_02_01_01_kids-talking_happy.wav,happy
data/training/Actor_11/03-02-03-01-02-02-11_happy.wav,happy
data/training/Actor_11/11_02_01_02_kids-talking_happy.wav,happy
data/training/Actor_11/11_01_01_01_kids-talking_happy.wav,happy
data/training/Actor_11/03-02-03-01-01-01-11_happy.wav,happy
data/training/Actor_11/11_01_01_01_dogs-sitting_happy.wav,happy
data/training/Actor_11/11_02_01_02_dogs-sitting_happy.wav,happy
data/training/Actor_11/11_02_01_01_dogs-sitting_happy.wav,happy
data/training/Actor_11/11_01_01_02_dogs-sitting_happy.wav,happy
data/training/Actor_11/03-02-03-02-01-01-11_happy.wav,happy
data/training/Actor_11/11_01_02_01_kids-talking_happy.wav,happy
data/training/Actor_11/11_02_02_02_kids-talking_happy.wav,happy
data/training/Actor_11/03-02-03-01-01-02-11_happy.wav,happy
data/training/Actor_11/03-02-03-02-01-02-11_happy.wav,happy
data/training/Actor_11/11_02_02_01_kids-talking_happy.wav,happy
data/training/Actor_11/11_01_02_02_kids-talking_happy.wav,happy
data/training/Actor_11/03-02-03-02-02-01-11_happy.wav,happy
data/training/Actor_11/11_01_02_02_dogs-sitting_happy.wav,happy
data/training/Actor_11/11_02_02_01_dogs-sitting_happy.wav,happy
data/training/Actor_11/11_02_02_02_dogs-sitting_happy.wav,happy
data/training/Actor_11/11_01_02_01_dogs-sitting_happy.wav,happy
data/training/Actor_11/03-02-03-01-02-01-11_happy.wav,happy
data/training/Actor_18/18_01_02_01_dogs-sitting_happy.wav,happy
data/training/Actor_18/18_01_02_02_dogs-sitting_happy.wav,happy
data/training/Actor_18/18_01_02_02_kids-talking_happy.wav,happy
data/training/Actor_18/18_01_02_01_kids-talking_happy.wav,happy
data/training/Actor_18/18_01_01_02_dogs-sitting_happy.wav,happy
data/training/Actor_18/18_01_01_01_dogs-sitting_happy.wav,happy
data/training/Actor_18/18_01_01_01_kids-talking_happy.wav,happy
data/training/Actor_18/18_01_01_02_kids-talking_happy.wav,happy
data/training/Actor_20/03-02-03-02-01-02-20_happy.wav,happy
data/training/Actor_20/20_01_02_02_kids-talking_happy.wav,happy
data/training/Actor_20/03-02-03-01-01-02-20_happy.wav,happy
data/training/Actor_20/20_01_02_01_kids-talking_happy.wav,happy
data/training/Actor_20/03-02-03-01-02-01-20_happy.wav,happy
data/training/Actor_20/20_01_02_01_dogs-sitting_happy.wav,happy
data/training/Actor_20/03-02-03-02-02-01-20_happy.wav,happy
data/training/Actor_20/20_01_02_02_dogs-sitting_happy.wav,happy
data/training/Actor_20/20_01_01_01_kids-talking_happy.wav,happy
data/training/Actor_20/03-02-03-01-02-02-20_happy.wav,happy
data/training/Actor_20/03-02-03-02-02-02-20_happy.wav,happy
data/training/Actor_20/20_01_01_02_kids-talking_happy.wav,happy
data/training/Actor_20/03-02-03-02-01-01-20_happy.wav,happy
data/training/Actor_20/20_01_01_02_dogs-sitting_happy.wav,happy
data/training/Actor_20/20_01_01_01_dogs-sitting_happy.wav,happy
data/training/Actor_20/03-02-03-01-01-01-20_happy.wav,happy
data/training/Actor_21/21_01_01_02_dogs-sitting_happy.wav,happy
data/training/Actor_21/03-02-03-01-02-01-21_happy.wav,happy
data/training/Actor_21/03-02-03-02-02-01-21_happy.wav,happy
data/training/Actor_21/21_01_01_01_dogs-sitting_happy.wav,happy
data/training/Actor_21/03-02-03-02-01-02-21_happy.wav,happy
data/training/Actor_21/21_01_01_01_kids-talking_happy.wav,happy
data/training/Actor_21/21_01_01_02_kids-talking_happy.wav,happy
data/training/Actor_21/03-02-03-01-01-02-21_happy.wav,happy
data/training/Actor_21/03-02-03-02-01-01-21_happy.wav,happy
data/training/Actor_21/21_01_02_01_dogs-sitting_happy.wav,happy
data/training/Actor_21/21_01_02_02_dogs-sitting_happy.wav,happy
data/training/Actor_21/03-02-03-01-01-01-21_happy.wav,happy
data/training/Actor_21/21_01_02_02_kids-talking_happy.wav,happy
data/training/Actor_21/03-02-03-01-02-02-21_happy.wav,happy
data/training/Actor_21/03-02-03-02-02-02-21_happy.wav,happy
data/training/Actor_21/21_01_02_01_kids-talking_happy.wav,happy
data/training/Actor_26/26_01_01_01_gas_happy.wav,happy
data/training/Actor_26/26_01_01_01_home_happy.wav,happy
data/training/Actor_26/26_01_01_01_road_happy.wav,happy
data/training/Actor_26/26_01_01_01_soup_happy.wav,happy
data/training/Actor_26/26_01_01_01_rat_happy.wav,happy
data/training/Actor_26/26_01_01_01_phone_happy.wav,happy
data/training/Actor_26/26_01_01_01_such_happy.wav,happy
data/training/Actor_26/26_01_01_01_shack_happy.wav,happy
data/training/Actor_26/26_01_01_01_sub_happy.wav,happy
data/training/Actor_26/26_01_01_01_should_happy.wav,happy
data/training/Actor_26/26_01_01_01_hit_happy.wav,happy
data/training/Actor_26/26_01_01_01_deep_happy.wav,happy
data/training/Actor_26/26_01_01_01_shawl_happy.wav,happy
data/training/Actor_26/26_01_01_01_search_happy.wav,happy
data/training/Actor_26/26_01_01_01_sail_happy.wav,happy
data/training/Actor_26/26_01_01_01_size_happy.wav,happy
data/training/Actor_26/26_01_01_01_wag_happy.wav,happy
data/training/Actor_26/26_01_01_01_lease_happy.wav,happy
data/training/Actor_26/26_01_01_01_juice_happy.wav,happy
data/training/Actor_26/26_01_01_01_tool_happy.wav,happy
data/training/Actor_26/26_01_01_01_shall_happy.wav,happy
data/training/Actor_26/26_01_01_01_pad_happy.wav,happy
data/training/Actor_26/26_01_01_01_hush_happy.wav,happy
data/training/Actor_26/26_01_01_01_yes_happy.wav,happy
data/training/Actor_26/26_01_01_01_hurl_happy.wav,happy
data/training/Actor_26/26_01_01_01_cab_happy.wav,happy
data/training/Actor_26/26_01_01_01_jail_happy.wav,happy
data/training/Actor_26/26_01_01_01_lean_happy.wav,happy
data/training/Actor_26/26_01_01_01_puff_happy.wav,happy
data/training/Actor_26/26_01_01_01_rag_happy.wav,happy
data/training/Actor_26/26_01_01_01_ton_happy.wav,happy
data/training/Actor_26/26_01_01_01_goose_happy.wav,happy
data/training/Actor_26/26_01_01_01_judge_happy.wav,happy
data/training/Actor_26/26_01_01_01_tire_happy.wav,happy
data/training/Actor_26/26_01_01_01_pass_happy.wav,happy
data/training/Actor_26/26_01_01_01_mob_happy.wav,happy
data/training/Actor_26/26_01_01_01_fall_happy.wav,happy
data/training/Actor_26/26_01_01_01_talk_happy.wav,happy
data/training/Actor_26/26_01_01_01_mess_happy.wav,happy
data/training/Actor_26/26_01_01_01_bite_happy.wav,happy
data/training/Actor_26/26_01_01_01_lot_happy.wav,happy
data/training/Actor_26/26_01_01_01_life_happy.wav,happy
data/training/Actor_26/26_01_01_01_third_happy.wav,happy
data/training/Actor_26/26_01_01_01_reach_happy.wav,happy
data/training/Actor_26/26_01_01_01_room_happy.wav,happy
data/training/Actor_26/26_01_01_01_join_happy.wav,happy
data/training/Actor_26/26_01_01_01_vote_happy.wav,happy
data/training/Actor_26/26_01_01_01_sure_happy.wav,happy
data/training/Actor_26/26_01_01_01_ripe_happy.wav,happy
data/training/Actor_26/26_01_01_01_note_happy.wav,happy
data/training/Actor_26/26_01_01_01_mop_happy.wav,happy
data/training/Actor_26/26_01_01_01_late_happy.wav,happy
data/training/Actor_26/26_01_01_01_nag_happy.wav,happy
data/training/Actor_26/26_01_01_01_neat_happy.wav,happy
data/training/Actor_26/26_01_01_01_pain_happy.wav,happy
data/training/Actor_26/26_01_01_01_soap_happy.wav,happy
data/training/Actor_26/26_01_01_01_chain_happy.wav,happy
data/training/Actor_26/26_01_01_01_boat_happy.wav,happy
data/training/Actor_26/26_01_01_01_check_happy.wav,happy
data/training/Actor_26/26_01_01_01_mode_happy.wav,happy
data/training/Actor_26/26_01_01_01_lore_happy.wav,happy
data/training/Actor_26/26_01_01_01_pearl_happy.wav,happy
data/training/Actor_26/26_01_01_01_haze_happy.wav,happy
data/training/Actor_26/26_01_01_01_mouse_happy.wav,happy
data/training/Actor_26/26_01_01_01_read_happy.wav,happy
data/training/Actor_26/26_01_01_01_seize_happy.wav,happy
data/training/Actor_26/26_01_01_01_bar_happy.wav,happy
data/training/Actor_26/26_01_01_01_lid_happy.wav,happy
data/training/Actor_26/26_01_01_01_red_happy.wav,happy
data/training/Actor_26/26_01_01_01_fail_happy.wav,happy
data/training/Actor_26/26_01_01_01_turn_happy.wav,happy
data/training/Actor_26/26_01_01_01_near_happy.wav,happy
data/training/Actor_26/26_01_01_01_numb_happy.wav,happy
data/training/Actor_26/26_01_01_01_pick_happy.wav,happy
data/training/Actor_26/26_01_01_01_rough_happy.wav,happy
data/training/Actor_26/26_01_01_01_whip_happy.wav,happy
data/training/Actor_26/26_01_01_01_peg_happy.wav,happy
data/training/Actor_26/26_01_01_01_which_happy.wav,happy
data/training/Actor_26/26_01_01_01_match_happy.wav,happy
data/training/Actor_26/26_01_01_01_thin_happy.wav,happy
data/training/Actor_26/26_01_01_01_knock_happy.wav,happy
data/training/Actor_26/26_01_01_01_voice_happy.wav,happy
data/training/Actor_26/26_01_01_01_merge_happy.wav,happy
data/training/Actor_26/26_01_01_01_pike_happy.wav,happy
data/training/Actor_26/26_01_01_01_week_happy.wav,happy
data/training/Actor_26/26_01_01_01_south_happy.wav,happy
data/training/Actor_26/26_01_01_01_half_happy.wav,happy
data/training/Actor_26/26_01_01_01_keep_happy.wav,happy
data/training/Actor_26/26_01_01_01_walk_happy.wav,happy
data/training/Actor_26/26_01_01_01_chief_happy.wav,happy
data/training/Actor_26/26_01_01_01_sour_happy.wav,happy
data/training/Actor_26/26_01_01_01_time_happy.wav,happy
data/training/Actor_26/26_01_01_01_met_happy.wav,happy
data/training/Actor_26/26_01_01_01_kill_happy.wav,happy
data/training/Actor_26/26_01_01_01_sheep_happy.wav,happy
data/training/Actor_26/26_01_01_01_wife_happy.wav,happy
data/training/Actor_26/26_01_01_01_hate_happy.wav,happy
data/training/Actor_26/26_01_01_01_good_happy.wav,happy
data/training/Actor_26/26_01_01_01_base_happy.wav,happy
data/training/Actor_26/26_01_01_01_bone_happy.wav,happy
data/training/Actor_26/26_01_01_01_moon_happy.wav,happy
data/training/Actor_26/26_01_01_01_nice_happy.wav,happy
data/training/Actor_26/26_01_01_01_door_happy.wav,happy
data/training/Actor_26/26_01_01_01_vine_happy.wav,happy
data/training/Actor_26/26_01_01_01_witch_happy.wav,happy
data/training/Actor_26/26_01_01_01_gun_happy.wav,happy
data/training/Actor_26/26_01_01_01_page_happy.wav,happy
data/training/Actor_26/26_01_01_01_bean_happy.wav,happy
data/training/Actor_26/26_01_01_01_shirt_happy.wav,happy
data/training/Actor_26/26_01_01_01_goal_happy.wav,happy
data/training/Actor_26/26_01_01_01_bought_happy.wav,happy
data/training/Actor_26/26_01_01_01_kick_happy.wav,happy
data/training/Actor_26/26_01_01_01_sell_happy.wav,happy
data/training/Actor_26/26_01_01_01_tell_happy.wav,happy
data/training/Actor_26/26_01_01_01_hole_happy.wav,happy
data/training/Actor_26/26_01_01_01_yearn_happy.wav,happy
data/training/Actor_26/26_01_01_01_shout_happy.wav,happy
data/training/Actor_26/26_01_01_01_long_happy.wav,happy
data/training/Actor_26/26_01_01_01_cool_happy.wav,happy
data/training/Actor_26/26_01_01_01_tough_happy.wav,happy
data/training/Actor_26/26_01_01_01_wheat_happy.wav,happy
data/training/Actor_26/26_01_01_01_cause_happy.wav,happy
data/training/Actor_26/26_01_01_01_germ_happy.wav,happy
data/training/Actor_26/26_01_01_01_loaf_happy.wav,happy
data/training/Actor_26/26_01_01_01_pole_happy.wav,happy
data/training/Actor_26/26_01_01_01_came_happy.wav,happy
data/training/Actor_26/26_01_01_01_chalk_happy.wav,happy
data/training/Actor_26/26_01_01_01_jug_happy.wav,happy
data/training/Actor_26/26_01_01_01_cheek_happy.wav,happy
data/training/Actor_26/26_01_01_01_food_happy.wav,happy
data/training/Actor_26/26_01_01_01_mill_happy.wav,happy
data/training/Actor_26/26_01_01_01_rain_happy.wav,happy
data/training/Actor_26/26_01_01_01_perch_happy.wav,happy
data/training/Actor_26/26_01_01_01_thought_happy.wav,happy
data/training/Actor_26/26_01_01_01_keen_happy.wav,happy
data/training/Actor_26/26_01_01_01_chat_happy.wav,happy
data/training/Actor_26/26_01_01_01_live_happy.wav,happy
data/training/Actor_26/26_01_01_01_laud_happy.wav,happy
data/training/Actor_26/26_01_01_01_thumb_happy.wav,happy
data/training/Actor_26/26_01_01_01_back_happy.wav,happy
data/training/Actor_26/26_01_01_01_learn_happy.wav,happy
data/training/Actor_26/26_01_01_01_date_happy.wav,happy
data/training/Actor_26/26_01_01_01_lose_happy.wav,happy
data/training/Actor_26/26_01_01_01_tip_happy.wav,happy
data/training/Actor_26/26_01_01_01_raid_happy.wav,happy
data/training/Actor_26/26_01_01_01_five_happy.wav,happy
data/training/Actor_26/26_01_01_01_raise_happy.wav,happy
data/training/Actor_26/26_01_01_01_name_happy.wav,happy
data/training/Actor_26/26_01_01_01_dead_happy.wav,happy
data/training/Actor_26/26_01_01_01_gap_happy.wav,happy
data/training/Actor_26/26_01_01_01_rush_happy.wav,happy
data/training/Actor_26/26_01_01_01_choice_happy.wav,happy
data/training/Actor_26/26_01_01_01_dab_happy.wav,happy
data/training/Actor_26/26_01_01_01_fat_happy.wav,happy
data/training/Actor_26/26_01_01_01_burn_happy.wav,happy
data/training/Actor_26/26_01_01_01_luck_happy.wav,happy
data/training/Actor_26/26_01_01_01_chair_happy.wav,happy
data/training/Actor_26/26_01_01_01_tape_happy.wav,happy
data/training/Actor_26/26_01_01_01_have_happy.wav,happy
data/training/Actor_26/26_01_01_01_jar_happy.wav,happy
data/training/Actor_26/26_01_01_01_ring_happy.wav,happy
data/training/Actor_26/26_01_01_01_gin_happy.wav,happy
data/training/Actor_26/26_01_01_01_make_happy.wav,happy
data/training/Actor_26/26_01_01_01_take_happy.wav,happy
data/training/Actor_26/26_01_01_01_calm_happy.wav,happy
data/training/Actor_26/26_01_01_01_king_happy.wav,happy
data/training/Actor_26/26_01_01_01_hire_happy.wav,happy
data/training/Actor_26/26_01_01_01_white_happy.wav,happy
data/training/Actor_26/26_01_01_01_mood_happy.wav,happy
data/training/Actor_26/26_01_01_01_beg_happy.wav,happy
data/training/Actor_26/26_01_01_01_wash_happy.wav,happy
data/training/Actor_26/26_01_01_01_void_happy.wav,happy
data/training/Actor_26/26_01_01_01_death_happy.wav,happy
data/training/Actor_26/26_01_01_01_limb_happy.wav,happy
data/training/Actor_26/26_01_01_01_book_happy.wav,happy
data/training/Actor_26/26_01_01_01_said_happy.wav,happy
data/training/Actor_26/26_01_01_01_pool_happy.wav,happy
data/training/Actor_26/26_01_01_01_team_happy.wav,happy
data/training/Actor_26/26_01_01_01_youth_happy.wav,happy
data/training/Actor_26/26_01_01_01_rot_happy.wav,happy
data/training/Actor_26/26_01_01_01_wire_happy.wav,happy
data/training/Actor_26/26_01_01_01_hall_happy.wav,happy
data/training/Actor_26/26_01_01_01_love_happy.wav,happy
data/training/Actor_26/26_01_01_01_fit_happy.wav,happy
data/training/Actor_26/26_01_01_01_gaze_happy.wav,happy
data/training/Actor_26/26_01_01_01_kite_happy.wav,happy
data/training/Actor_26/26_01_01_01_young_happy.wav,happy
data/training/Actor_26/26_01_01_01_bath_happy.wav,happy
data/training/Actor_26/26_01_01_01_keg_happy.wav,happy
data/training/Actor_26/26_01_01_01_hash_happy.wav,happy
data/training/Actor_26/26_01_01_01_when_happy.wav,happy
data/training/Actor_26/26_01_01_01_rose_happy.wav,happy
data/training/Actor_26/26_01_01_01_get_happy.wav,happy
data/training/Actor_26/26_01_01_01_far_happy.wav,happy
data/training/Actor_19/03-02-03-01-02-01-19_happy.wav,happy
data/training/Actor_19/19_02_01_02_kids-talking_happy.wav,happy
data/training/Actor_19/19_01_01_01_kids-talking_happy.wav,happy
data/training/Actor_19/19_01_01_02_kids-talking_happy.wav,happy
data/training/Actor_19/19_02_01_01_kids-talking_happy.wav,happy
data/training/Actor_19/03-02-03-02-02-01-19_happy.wav,happy
data/training/Actor_19/19_02_01_01_dogs-sitting_happy.wav,happy
data/training/Actor_19/19_01_01_02_dogs-sitting_happy.wav,happy
data/training/Actor_19/03-02-03-02-01-02-19_happy.wav,happy
data/training/Actor_19/03-02-03-01-01-02-19_happy.wav,happy
data/training/Actor_19/19_01_01_01_dogs-sitting_happy.wav,happy
data/training/Actor_19/19_02_01_02_dogs-sitting_happy.wav,happy
data/training/Actor_19/19_02_02_01_kids-talking_happy.wav,happy
data/training/Actor_19/19_01_02_02_kids-talking_happy.wav,happy
data/training/Actor_19/03-02-03-02-01-01-19_happy.wav,happy
data/training/Actor_19/03-02-03-01-01-01-19_happy.wav,happy
data/training/Actor_19/19_01_02_01_kids-talking_happy.wav,happy
data/training/Actor_19/19_02_02_02_kids-talking_happy.wav,happy
data/training/Actor_19/03-02-03-01-02-02-19_happy.wav,happy
data/training/Actor_19/19_02_02_02_dogs-sitting_happy.wav,happy
data/training/Actor_19/19_01_02_01_dogs-sitting_happy.wav,happy
data/training/Actor_19/19_01_02_02_dogs-sitting_happy.wav,happy
data/training/Actor_19/19_02_02_01_dogs-sitting_happy.wav,happy
data/training/Actor_19/03-02-03-02-02-02-19_happy.wav,happy
data/training/Actor_10/10_01_02_02_dogs-sitting_happy.wav,happy
data/training/Actor_10/10_02_02_01_dogs-sitting_happy.wav,happy
data/training/Actor_10/10_02_02_02_dogs-sitting_happy.wav,happy
data/training/Actor_10/10_01_02_01_dogs-sitting_happy.wav,happy
data/training/Actor_10/10_01_02_01_kids-talking_happy.wav,happy
data/training/Actor_10/10_02_02_02_kids-talking_happy.wav,happy
data/training/Actor_10/10_02_02_01_kids-talking_happy.wav,happy
data/training/Actor_10/10_01_02_02_kids-talking_happy.wav,happy
data/training/Actor_10/10_01_01_01_dogs-sitting_happy.wav,happy
data/training/Actor_10/10_02_01_02_dogs-sitting_happy.wav,happy
data/training/Actor_10/10_02_01_01_dogs-sitting_happy.wav,happy
data/training/Actor_10/10_01_01_02_dogs-sitting_happy.wav,happy
data/training/Actor_10/10_01_01_02_kids-talking_happy.wav,happy
data/training/Actor_10/10_02_01_01_kids-talking_happy.wav,happy
data/training/Actor_10/10_02_01_02_kids-talking_happy.wav,happy
data/training/Actor_10/10_01_01_01_kids-talking_happy.wav,happy
data/training/Actor_17/17_02_01_01_dogs-sitting_happy.wav,happy
data/training/Actor_17/03-02-03-01-02-02-17_happy.wav,happy
data/training/Actor_17/03-02-03-02-02-02-17_happy.wav,happy
data/training/Actor_17/17_02_01_02_dogs-sitting_happy.wav,happy
data/training/Actor_17/03-02-03-02-01-01-17_happy.wav,happy
data/training/Actor_17/17_02_01_02_kids-talking_happy.wav,happy
data/training/Actor_17/17_02_01_01_kids-talking_happy.wav,happy
data/training/Actor_17/03-02-03-01-01-01-17_happy.wav,happy
data/training/Actor_17/03-02-03-02-01-02-17_happy.wav,happy
data/training/Actor_17/17_02_02_02_dogs-sitting_happy.wav,happy
data/training/Actor_17/17_02_02_01_dogs-sitting_happy.wav,happy
data/training/Actor_17/03-02-03-01-01-02-17_happy.wav,happy
data/training/Actor_17/17_02_02_01_kids-talking_happy.wav,happy
data/training/Actor_17/03-02-03-01-02-01-17_happy.wav,happy
data/training/Actor_17/03-02-03-02-02-01-17_happy.wav,happy
data/training/Actor_17/17_02_02_02_kids-talking_happy.wav,happy
data/training/Actor_04/04_02_02_01_kids-talking_happy.wav,happy
data/training/Actor_04/04_01_02_02_kids-talking_happy.wav,happy
data/training/Actor_04/03-02-03-01-01-01-04_happy.wav,happy
data/training/Actor_04/04_01_02_01_kids-talking_happy.wav,happy
data/training/Actor_04/04_02_02_02_kids-talking_happy.wav,happy
data/training/Actor_04/03-02-03-02-01-01-04_happy.wav,happy
data/training/Actor_04/04_02_02_02_dogs-sitting_happy.wav,happy
data/training/Actor_04/04_01_02_01_dogs-sitting_happy.wav,happy
data/training/Actor_04/03-02-03-02-02-02-04_happy.wav,happy
data/training/Actor_04/04_01_02_02_dogs-sitting_happy.wav,happy
data/training/Actor_04/04_02_02_01_dogs-sitting_happy.wav,happy
data/training/Actor_04/03-02-03-01-02-02-04_happy.wav,happy
data/training/Actor_04/03-02-03-02-02-01-04_happy.wav,happy
data/training/Actor_04/04_02_01_02_kids-talking_happy.wav,happy
data/training/Actor_04/04_01_01_01_kids-talking_happy.wav,happy
data/training/Actor_04/04_01_01_02_kids-talking_happy.wav,happy
data/training/Actor_04/04_02_01_01_kids-talking_happy.wav,happy
data/training/Actor_04/03-02-03-01-02-01-04_happy.wav,happy
data/training/Actor_04/04_02_01_01_dogs-sitting_happy.wav,happy
data/training/Actor_04/04_01_01_02_dogs-sitting_happy.wav,happy
data/training/Actor_04/03-02-03-01-01-02-04_happy.wav,happy
data/training/Actor_04/03-02-03-02-01-02-04_happy.wav,happy
data/training/Actor_04/04_01_01_01_dogs-sitting_happy.wav,happy
data/training/Actor_04/04_02_01_02_dogs-sitting_happy.wav,happy
data/training/Actor_03/03_01_01_02_kids-talking_happy.wav,happy
data/training/Actor_03/03_02_01_01_kids-talking_happy.wav,happy
data/training/Actor_03/03-02-03-01-02-02-03_happy.wav,happy
data/training/Actor_03/03-02-03-02-02-02-03_happy.wav,happy
data/training/Actor_03/03_02_01_02_kids-talking_happy.wav,happy
data/training/Actor_03/03_01_01_01_kids-talking_happy.wav,happy
data/training/Actor_03/03-02-03-02-01-01-03_happy.wav,happy
data/training/Actor_03/03_01_01_01_dogs-sitting_happy.wav,happy
data/training/Actor_03/03_02_01_02_dogs-sitting_happy.wav,happy
data/training/Actor_03/03_02_01_01_dogs-sitting_happy.wav,happy
data/training/Actor_03/03_01_01_02_dogs-sitting_happy.wav,happy
data/training/Actor_03/03-02-03-01-01-01-03_happy.wav,happy
data/training/Actor_03/03-02-03-02-01-02-03_happy.wav,happy
data/training/Actor_03/03_01_02_01_kids-talking_happy.wav,happy
data/training/Actor_03/03_02_02_02_kids-talking_happy.wav,happy
data/training/Actor_03/03-02-03-01-01-02-03_happy.wav,happy
data/training/Actor_03/03_02_02_01_kids-talking_happy.wav,happy
data/training/Actor_03/03_01_02_02_kids-talking_happy.wav,happy
data/training/Actor_03/03-02-03-01-02-01-03_happy.wav,happy
data/training/Actor_03/03_01_02_02_dogs-sitting_happy.wav,happy
data/training/Actor_03/03_02_02_01_dogs-sitting_happy.wav,happy
data/training/Actor_03/03-02-03-02-02-01-03_happy.wav,happy
data/training/Actor_03/03_02_02_02_dogs-sitting_happy.wav,happy
data/training/Actor_03/03_01_02_01_dogs-sitting_happy.wav,happy
data/training/Actor_02/03-02-03-02-01-01-02_happy.wav,happy
data/training/Actor_02/02_01_02_02_dogs-sitting_happy.wav,happy
data/training/Actor_02/02_02_02_01_dogs-sitting_happy.wav,happy
data/training/Actor_02/02_02_02_02_dogs-sitting_happy.wav,happy
data/training/Actor_02/02_01_02_01_dogs-sitting_happy.wav,happy
data/training/Actor_02/03-02-03-01-01-01-02_happy.wav,happy
data/training/Actor_02/02_01_02_01_kids-talking_happy.wav,happy
data/training/Actor_02/02_02_02_02_kids-talking_happy.wav,happy
data/training/Actor_02/03-02-03-01-02-02-02_happy.wav,happy
data/training/Actor_02/03-02-03-02-02-02-02_happy.wav,happy
data/training/Actor_02/02_02_02_01_kids-talking_happy.wav,happy
data/training/Actor_02/02_01_02_02_kids-talking_happy.wav,happy
data/training/Actor_02/02_01_01_01_dogs-sitting_happy.wav,happy
data/training/Actor_02/02_02_01_02_dogs-sitting_happy.wav,happy
data/training/Actor_02/03-02-03-01-02-01-02_happy.wav,happy
data/training/Actor_02/03-02-03-02-02-01-02_happy.wav,happy
data/training/Actor_02/02_02_01_01_dogs-sitting_happy.wav,happy
data/training/Actor_02/02_01_01_02_dogs-sitting_happy.wav,happy
data/training/Actor_02/03-02-03-02-01-02-02_happy.wav,happy
data/training/Actor_02/02_01_01_02_kids-talking_happy.wav,happy
data/training/Actor_02/02_02_01_01_kids-talking_happy.wav,happy
data/training/Actor_02/02_02_01_02_kids-talking_happy.wav,happy
data/training/Actor_02/02_01_01_01_kids-talking_happy.wav,happy
data/training/Actor_02/03-02-03-01-01-02-02_happy.wav,happy
data/training/Actor_05/03-02-03-02-02-02-05_happy.wav,happy
data/training/Actor_05/05_02_01_01_dogs-sitting_happy.wav,happy
data/training/Actor_05/05_02_01_02_dogs-sitting_happy.wav,happy
data/training/Actor_05/03-02-03-01-02-02-05_happy.wav,happy
data/training/Actor_05/05_02_01_02_kids-talking_happy.wav,happy
data/training/Actor_05/03-02-03-01-01-01-05_happy.wav,happy
data/training/Actor_05/03-02-03-02-01-01-05_happy.wav,happy
data/training/Actor_05/05_02_01_01_kids-talking_happy.wav,happy
data/training/Actor_05/05_02_02_02_dogs-sitting_happy.wav,happy
data/training/Actor_05/05_01_02_01_dogs-sitting_happy.wav,happy
data/training/Actor_05/03-02-03-01-01-02-05_happy.wav,happy
data/training/Actor_05/03-02-03-02-01-02-05_happy.wav,happy
data/training/Actor_05/05_01_02_02_dogs-sitting_happy.wav,happy
data/training/Actor_05/05_02_02_01_dogs-sitting_happy.wav,happy
data/training/Actor_05/03-02-03-02-02-01-05_happy.wav,happy
data/training/Actor_05/05_02_02_01_kids-talking_happy.wav,happy
data/training/Actor_05/05_01_02_02_kids-talking_happy.wav,happy
data/training/Actor_05/05_01_02_01_kids-talking_happy.wav,happy
data/training/Actor_05/05_02_02_02_kids-talking_happy.wav,happy
data/training/Actor_05/03-02-03-01-02-01-05_happy.wav,happy
data/training/Actor_12/03-02-03-02-02-01-12_happy.wav,happy
data/training/Actor_12/12_01_01_02_dogs-sitting_happy.wav,happy
data/training/Actor_12/12_02_01_01_dogs-sitting_happy.wav,happy
data/training/Actor_12/03-02-03-01-02-01-12_happy.wav,happy
data/training/Actor_12/12_02_01_02_dogs-sitting_happy.wav,happy
data/training/Actor_12/12_01_01_01_dogs-sitting_happy.wav,happy
data/training/Actor_12/03-02-03-01-01-02-12_happy.wav,happy
data/training/Actor_12/12_01_01_01_kids-talking_happy.wav,happy
data/training/Actor_12/12_02_01_02_kids-talking_happy.wav,happy
data/training/Actor_12/03-02-03-02-01-02-12_happy.wav,happy
data/training/Actor_12/12_02_01_01_kids-talking_happy.wav,happy
data/training/Actor_12/12_01_01_02_kids-talking_happy.wav,happy
data/training/Actor_12/12_01_02_01_dogs-sitting_happy.wav,happy
data/training/Actor_12/12_02_02_02_dogs-sitting_happy.wav,happy
data/training/Actor_12/03-02-03-01-01-01-12_happy.wav,happy
data/training/Actor_12/03-02-03-02-01-01-12_happy.wav,happy
data/training/Actor_12/12_02_02_01_dogs-sitting_happy.wav,happy
data/training/Actor_12/12_01_02_02_dogs-sitting_happy.wav,happy
data/training/Actor_12/03-02-03-02-02-02-12_happy.wav,happy
data/training/Actor_12/12_01_02_02_kids-talking_happy.wav,happy
data/training/Actor_12/12_02_02_01_kids-talking_happy.wav,happy
data/training/Actor_12/12_02_02_02_kids-talking_happy.wav,happy
data/training/Actor_12/12_01_02_01_kids-talking_happy.wav,happy
data/training/Actor_12/03-02-03-01-02-02-12_happy.wav,happy
data/training/Actor_15/03-02-03-02-01-02-15_happy.wav,happy
data/training/Actor_15/15_02_02_01_dogs-sitting_happy.wav,happy
data/training/Actor_15/15_02_02_02_dogs-sitting_happy.wav,happy
data/training/Actor_15/03-02-03-01-01-02-15_happy.wav,happy
data/training/Actor_15/15_02_02_02_kids-talking_happy.wav,happy
data/training/Actor_15/03-02-03-01-02-01-15_happy.wav,happy
data/training/Actor_15/03-02-03-02-02-01-15_happy.wav,happy
data/training/Actor_15/15_02_02_01_kids-talking_happy.wav,happy
data/training/Actor_15/15_02_01_02_dogs-sitting_happy.wav,happy
data/training/Actor_15/03-02-03-01-02-02-15_happy.wav,happy
data/training/Actor_15/15_02_01_01_dogs-sitting_happy.wav,happy
data/training/Actor_15/03-02-03-02-02-02-15_happy.wav,happy
data/training/Actor_15/15_02_01_01_kids-talking_happy.wav,happy
data/training/Actor_15/03-02-03-02-01-01-15_happy.wav,happy
data/training/Actor_15/15_02_01_02_kids-talking_happy.wav,happy
data/training/Actor_15/03-02-03-01-01-01-15_happy.wav,happy
data/training/Actor_23/03-02-03-02-01-01-23_happy.wav,happy
data/training/Actor_23/23_01_02_02_dogs-sitting_happy.wav,happy
data/training/Actor_23/03-02-03-01-01-01-23_happy.wav,happy
data/training/Actor_23/23_01_02_01_dogs-sitting_happy.wav,happy
data/training/Actor_23/03-02-03-01-02-02-23_happy.wav,happy
data/training/Actor_23/23_01_02_01_kids-talking_happy.wav,happy
data/training/Actor_23/03-02-03-02-02-02-23_happy.wav,happy
data/training/Actor_23/23_01_02_02_kids-talking_happy.wav,happy
data/training/Actor_23/23_01_01_01_dogs-sitting_happy.wav,happy
data/training/Actor_23/03-02-03-01-02-01-23_happy.wav,happy
data/training/Actor_23/03-02-03-02-02-01-23_happy.wav,happy
data/training/Actor_23/23_01_01_02_dogs-sitting_happy.wav,happy
data/training/Actor_23/03-02-03-02-01-02-23_happy.wav,happy
data/training/Actor_23/23_01_01_02_kids-talking_happy.wav,happy
data/training/Actor_23/23_01_01_01_kids-talking_happy.wav,happy
data/training/Actor_23/03-02-03-01-01-02-23_happy.wav,happy
data/training/Actor_24/03-02-03-02-02-02-24_happy.wav,happy
data/training/Actor_24/24_01_01_02_dogs-sitting_happy.wav,happy
data/training/Actor_24/24_02_01_01_dogs-sitting_happy.wav,happy
data/training/Actor_24/24_02_01_02_dogs-sitting_happy.wav,happy
data/training/Actor_24/24_01_01_01_dogs-sitting_happy.wav,happy
data/training/Actor_24/03-02-03-01-02-02-24_happy.wav,happy
data/training/Actor_24/24_01_01_01_kids-talking_happy.wav,happy
data/training/Actor_24/24_02_01_02_kids-talking_happy.wav,happy
data/training/Actor_24/03-02-03-01-01-01-24_happy.wav,happy
data/training/Actor_24/03-02-03-02-01-01-24_happy.wav,happy
data/training/Actor_24/24_02_01_01_kids-talking_happy.wav,happy
data/training/Actor_24/24_01_01_02_kids-talking_happy.wav,happy
data/training/Actor_24/24_01_02_01_dogs-sitting_happy.wav,happy
data/training/Actor_24/24_02_02_02_dogs-sitting_happy.wav,happy
data/training/Actor_24/03-02-03-01-01-02-24_happy.wav,happy
data/training/Actor_24/24_02_02_01_dogs-sitting_happy.wav,happy
data/training/Actor_24/24_01_02_02_dogs-sitting_happy.wav,happy
data/training/Actor_24/03-02-03-02-01-02-24_happy.wav,happy
data/training/Actor_24/24_01_02_02_kids-talking_happy.wav,happy
data/training/Actor_24/24_02_02_01_kids-talking_happy.wav,happy
data/training/Actor_24/03-02-03-02-02-01-24_happy.wav,happy
data/training/Actor_24/03-02-03-01-02-01-24_happy.wav,happy
data/training/Actor_24/24_02_02_02_kids-talking_happy.wav,happy
data/training/Actor_24/24_01_02_01_kids-talking_happy.wav,happy
data/training/Actor_25/25_01_01_01_near_happy.wav,happy
data/training/Actor_25/25_01_01_01_turn_happy.wav,happy
data/training/Actor_25/25_01_01_01_perch_happy.wav,happy
data/training/Actor_25/25_01_01_01_pick_happy.wav,happy
data/training/Actor_25/25_01_01_01_numb_happy.wav,happy
data/training/Actor_25/25_01_01_01_mob_happy.wav,happy
data/training/Actor_25/25_01_01_01_learn_happy.wav,happy
data/training/Actor_25/25_01_01_01_whip_happy.wav,happy
data/training/Actor_25/25_01_01_01_thumb_happy.wav,happy
data/training/Actor_25/25_01_01_01_mode_happy.wav,happy
data/training/Actor_25/25_01_01_01_soap_happy.wav,happy
data/training/Actor_25/25_01_01_01_lore_happy.wav,happy
data/training/Actor_25/25_01_01_01_pad_happy.wav,happy
data/training/Actor_25/25_01_01_01_thought_happy.wav,happy
data/training/Actor_25/25_01_01_01_read_happy.wav,happy
data/training/Actor_25/25_01_01_01_tough_happy.wav,happy
data/training/Actor_25/25_01_01_01_wheat_happy.wav,happy
data/training/Actor_25/25_01_01_01_haze_happy.wav,happy
data/training/Actor_25/25_01_01_01_shout_happy.wav,happy
data/training/Actor_25/25_01_01_01_ton_happy.wav,happy
data/training/Actor_25/25_01_01_01_rag_happy.wav,happy
data/training/Actor_25/25_01_01_01_sheep_happy.wav,happy
data/training/Actor_25/25_01_01_01_hit_happy.wav,happy
data/training/Actor_25/25_01_01_01_sub_happy.wav,happy
data/training/Actor_25/25_01_01_01_wag_happy.wav,happy
data/training/Actor_25/25_01_01_01_note_happy.wav,happy
data/training/Actor_25/25_01_01_01_ripe_happy.wav,happy
data/training/Actor_25/25_01_01_01_shirt_happy.wav,happy
data/training/Actor_25/25_01_01_01_neat_happy.wav,happy
data/training/Actor_25/25_01_01_01_pain_happy.wav,happy
data/training/Actor_25/25_01_01_01_late_happy.wav,happy
data/training/Actor_25/25_01_01_01_voice_happy.wav,happy
data/training/Actor_25/25_01_01_01_mess_happy.wav,happy
data/training/Actor_25/25_01_01_01_match_happy.wav,happy
data/training/Actor_25/25_01_01_01_knock_happy.wav,happy
data/training/Actor_25/25_01_01_01_talk_happy.wav,happy
data/training/Actor_25/25_01_01_01_gas_happy.wav,happy
data/training/Actor_25/25_01_01_01_merge_happy.wav,happy
data/training/Actor_25/25_01_01_01_life_happy.wav,happy
data/training/Actor_25/25_01_01_01_south_happy.wav,happy
data/training/Actor_25/25_01_01_01_sure_happy.wav,happy
data/training/Actor_25/25_01_01_01_vote_happy.wav,happy
data/training/Actor_25/25_01_01_01_rat_happy.wav,happy
data/training/Actor_25/25_01_01_01_join_happy.wav,happy
data/training/Actor_25/25_01_01_01_room_happy.wav,happy
data/training/Actor_25/25_01_01_01_red_happy.wav,happy
data/training/Actor_25/25_01_01_01_lid_happy.wav,happy
data/training/Actor_25/25_01_01_01_peg_happy.wav,happy
data/training/Actor_25/25_01_01_01_tire_happy.wav,happy
data/training/Actor_25/25_01_01_01_pass_happy.wav,happy
data/training/Actor_25/25_01_01_01_hush_happy.wav,happy
data/training/Actor_25/25_01_01_01_tool_happy.wav,happy
data/training/Actor_25/25_01_01_01_jail_happy.wav,happy
data/training/Actor_25/25_01_01_01_hurl_happy.wav,happy
data/training/Actor_25/25_01_01_01_white_happy.wav,happy
data/training/Actor_25/25_01_01_01_puff_happy.wav,happy
data/training/Actor_25/25_01_01_01_lean_happy.wav,happy
data/training/Actor_25/25_01_01_01_size_happy.wav,happy
data/training/Actor_25/25_01_01_01_sail_happy.wav,happy
data/training/Actor_25/25_01_01_01_nag_happy.wav,happy
data/training/Actor_25/25_01_01_01_mop_happy.wav,happy
data/training/Actor_25/25_01_01_01_home_happy.wav,happy
data/training/Actor_25/25_01_01_01_soup_happy.wav,happy
data/training/Actor_25/25_01_01_01_road_happy.wav,happy
data/training/Actor_25/25_01_01_01_lot_happy.wav,happy
data/training/Actor_25/25_01_01_01_raise_happy.wav,happy
data/training/Actor_25/25_01_01_01_such_happy.wav,happy
data/training/Actor_25/25_01_01_01_jug_happy.wav,happy
data/training/Actor_25/25_01_01_01_team_happy.wav,happy
data/training/Actor_25/25_01_01_01_kite_happy.wav,happy
data/training/Actor_25/25_01_01_01_gaze_happy.wav,happy
data/training/Actor_25/25_01_01_01_love_happy.wav,happy
data/training/Actor_25/25_01_01_01_hall_happy.wav,happy
data/training/Actor_25/25_01_01_01_when_happy.wav,happy
data/training/Actor_25/25_01_01_01_hash_happy.wav,happy
data/training/Actor_25/25_01_01_01_rose_happy.wav,happy
data/training/Actor_25/25_01_01_01_hire_happy.wav,happy
data/training/Actor_25/25_01_01_01_king_happy.wav,happy
data/training/Actor_25/25_01_01_01_lease_happy.wav,happy
data/training/Actor_25/25_01_01_01_juice_happy.wav,happy
data/training/Actor_25/25_01_01_01_take_happy.wav,happy
data/training/Actor_25/25_01_01_01_shall_happy.wav,happy
data/training/Actor_25/25_01_01_01_limb_happy.wav,happy
data/training/Actor_25/25_01_01_01_void_happy.wav,happy
data/training/Actor_25/25_01_01_01_mood_happy.wav,happy
data/training/Actor_25/25_01_01_01_wash_happy.wav,happy
data/training/Actor_25/25_01_01_01_pool_happy.wav,happy
data/training/Actor_25/25_01_01_01_judge_happy.wav,happy
data/training/Actor_25/25_01_01_01_said_happy.wav,happy
data/training/Actor_25/25_01_01_01_goose_happy.wav,happy
data/training/Actor_25/25_01_01_01_rush_happy.wav,happy
data/training/Actor_25/25_01_01_01_shack_happy.wav,happy
data/training/Actor_25/25_01_01_01_search_happy.wav,happy
data/training/Actor_25/25_01_01_01_luck_happy.wav,happy
data/training/Actor_25/25_01_01_01_met_happy.wav,happy
data/training/Actor_25/25_01_01_01_have_happy.wav,happy
data/training/Actor_25/25_01_01_01_shawl_happy.wav,happy
data/training/Actor_25/25_01_01_01_tape_happy.wav,happy
data/training/Actor_25/25_01_01_01_make_happy.wav,happy
data/training/Actor_25/25_01_01_01_gun_happy.wav,happy
data/training/Actor_25/25_01_01_01_ring_happy.wav,happy
data/training/Actor_25/25_01_01_01_should_happy.wav,happy
data/training/Actor_25/25_01_01_01_lose_happy.wav,happy
data/training/Actor_25/25_01_01_01_five_happy.wav,happy
data/training/Actor_25/25_01_01_01_raid_happy.wav,happy
data/training/Actor_25/25_01_01_01_phone_happy.wav,happy
data/training/Actor_25/25_01_01_01_name_happy.wav,happy
data/training/Actor_25/25_01_01_01_fit_happy.wav,happy
data/training/Actor_25/25_01_01_01_pole_happy.wav,happy
data/training/Actor_25/25_01_01_01_loaf_happy.wav,happy
data/training/Actor_25/25_01_01_01_rot_happy.wav,happy
data/training/Actor_25/25_01_01_01_keen_happy.wav,happy
data/training/Actor_25/25_01_01_01_rain_happy.wav,happy
data/training/Actor_25/25_01_01_01_get_happy.wav,happy
data/training/Actor_25/25_01_01_01_mill_happy.wav,happy
data/training/Actor_25/25_01_01_01_food_happy.wav,happy
data/training/Actor_25/25_01_01_01_keg_happy.wav,happy
data/training/Actor_25/25_01_01_01_which_happy.wav,happy
data/training/Actor_25/25_01_01_01_rough_happy.wav,happy
data/training/Actor_25/25_01_01_01_laud_happy.wav,happy
data/training/Actor_25/25_01_01_01_live_happy.wav,happy
data/training/Actor_25/25_01_01_01_tell_happy.wav,happy
data/training/Actor_25/25_01_01_01_kick_happy.wav,happy
data/training/Actor_25/25_01_01_01_sell_happy.wav,happy
data/training/Actor_25/25_01_01_01_pearl_happy.wav,happy
data/training/Actor_25/25_01_01_01_hole_happy.wav,happy
data/training/Actor_25/25_01_01_01_long_happy.wav,happy
data/training/Actor_25/25_01_01_01_mouse_happy.wav,happy
data/training/Actor_25/25_01_01_01_germ_happy.wav,happy
data/training/Actor_25/25_01_01_01_seize_happy.wav,happy
data/training/Actor_25/25_01_01_01_good_happy.wav,happy
data/training/Actor_25/25_01_01_01_wife_happy.wav,happy
data/training/Actor_25/25_01_01_01_hate_happy.wav,happy
data/training/Actor_25/25_01_01_01_time_happy.wav,happy
data/training/Actor_25/25_01_01_01_kill_happy.wav,happy
data/training/Actor_25/25_01_01_01_fat_happy.wav,happy
data/training/Actor_25/25_01_01_01_moon_happy.wav,happy
data/training/Actor_25/25_01_01_01_gin_happy.wav,happy
data/training/Actor_25/25_01_01_01_vine_happy.wav,happy
data/training/Actor_25/25_01_01_01_nice_happy.wav,happy
data/training/Actor_25/25_01_01_01_goal_happy.wav,happy
data/training/Actor_25/25_01_01_01_jar_happy.wav,happy
data/training/Actor_25/25_01_01_01_page_happy.wav,happy
data/training/Actor_25/25_01_01_01_thin_happy.wav,happy
data/training/Actor_25/25_01_01_01_week_happy.wav,happy
data/training/Actor_25/25_01_01_01_pike_happy.wav,happy
data/training/Actor_25/25_01_01_01_tip_happy.wav,happy
data/training/Actor_25/25_01_01_01_third_happy.wav,happy
data/training/Actor_25/25_01_01_01_half_happy.wav,happy
data/training/Actor_25/25_01_01_01_keep_happy.wav,happy
data/training/Actor_25/25_01_01_01_reach_happy.wav,happy
data/training/Actor_25/25_01_01_01_gap_happy.wav,happy
data/training/Actor_25/25_01_01_01_sour_happy.wav,happy
data/training/Actor_25/25_01_01_01_walk_happy.wav,happy
data/training/Actor_22/22_01_01_02_kids-talking_happy.wav,happy
data/training/Actor_22/03-02-03-01-02-02-22_happy.wav,happy
data/training/Actor_22/03-02-03-02-02-02-22_happy.wav,happy
data/training/Actor_22/22_01_01_01_kids-talking_happy.wav,happy
data/training/Actor_22/03-02-03-02-01-01-22_happy.wav,happy
data/training/Actor_22/22_01_01_01_dogs-sitting_happy.wav,happy
data/training/Actor_22/22_01_01_02_dogs-sitting_happy.wav,happy
data/training/Actor_22/03-02-03-01-01-01-22_happy.wav,happy
data/training/Actor_22/03-02-03-02-01-02-22_happy.wav,happy
data/training/Actor_22/22_01_02_01_kids-talking_happy.wav,happy
data/training/Actor_22/22_01_02_02_kids-talking_happy.wav,happy
data/training/Actor_22/03-02-03-01-01-02-22_happy.wav,happy
data/training/Actor_22/22_01_02_02_dogs-sitting_happy.wav,happy
data/training/Actor_22/03-02-03-01-02-01-22_happy.wav,happy
data/training/Actor_22/03-02-03-02-02-01-22_happy.wav,happy
data/training/Actor_22/22_01_02_01_dogs-sitting_happy.wav,happy
data/training/Actor_14/14_02_01_01_kids-talking_happy.wav,happy
data/training/Actor_14/03-02-03-01-02-01-14_happy.wav,happy
data/training/Actor_14/03-02-03-02-02-01-14_happy.wav,happy
data/training/Actor_14/14_02_01_02_kids-talking_happy.wav,happy
data/training/Actor_14/03-02-03-02-01-02-14_happy.wav,happy
data/training/Actor_14/14_02_01_02_dogs-sitting_happy.wav,happy
data/training/Actor_14/14_02_01_01_dogs-sitting_happy.wav,happy
data/training/Actor_14/03-02-03-01-01-02-14_happy.wav,happy
data/training/Actor_14/03-02-03-02-01-01-14_happy.wav,happy
data/training/Actor_14/14_02_02_02_kids-talking_happy.wav,happy
data/training/Actor_14/14_02_02_01_kids-talking_happy.wav,happy
data/training/Actor_14/03-02-03-01-01-01-14_happy.wav,happy
data/training/Actor_14/14_02_02_01_dogs-sitting_happy.wav,happy
data/training/Actor_14/03-02-03-01-02-02-14_happy.wav,happy
data/training/Actor_14/03-02-03-02-02-02-14_happy.wav,happy
data/training/Actor_14/14_02_02_02_dogs-sitting_happy.wav,happy
data/training/Actor_13/13_01_02_02_kids-talking_happy.wav,happy
data/training/Actor_13/13_02_02_01_kids-talking_happy.wav,happy
data/training/Actor_13/03-02-03-01-01-02-13_happy.wav,happy
data/training/Actor_13/03-02-03-02-01-02-13_happy.wav,happy
data/training/Actor_13/13_02_02_02_kids-talking_happy.wav,happy
data/training/Actor_13/13_01_02_01_kids-talking_happy.wav,happy
data/training/Actor_13/03-02-03-02-02-01-13_happy.wav,happy
data/training/Actor_13/13_01_02_01_dogs-sitting_happy.wav,happy
data/training/Actor_13/13_02_02_02_dogs-sitting_happy.wav,happy
data/training/Actor_13/13_02_02_01_dogs-sitting_happy.wav,happy
data/training/Actor_13/13_01_02_02_dogs-sitting_happy.wav,happy
data/training/Actor_13/03-02-03-01-02-01-13_happy.wav,happy
data/training/Actor_13/03-02-03-02-02-02-13_happy.wav,happy
data/training/Actor_13/13_01_01_01_kids-talking_happy.wav,happy
data/training/Actor_13/13_02_01_02_kids-talking_happy.wav,happy
data/training/Actor_13/13_02_01_01_kids-talking_happy.wav,happy
data/training/Actor_13/13_01_01_02_kids-talking_happy.wav,happy
data/training/Actor_13/03-02-03-01-02-02-13_happy.wav,happy
data/training/Actor_13/13_01_01_02_dogs-sitting_happy.wav,happy
data/training/Actor_13/13_02_01_01_dogs-sitting_happy.wav,happy
data/training/Actor_13/03-02-03-01-01-01-13_happy.wav,happy
data/training/Actor_13/03-02-03-02-01-01-13_happy.wav,happy
data/training/Actor_13/13_02_01_02_dogs-sitting_happy.wav,happy
data/training/Actor_13/13_01_01_01_dogs-sitting_happy.wav,happy
data/training/Actor_09/09_02_02_02_kids-talking_happy.wav,happy
data/training/Actor_09/09_01_02_01_kids-talking_happy.wav,happy
data/training/Actor_09/09_01_02_02_kids-talking_happy.wav,happy
data/training/Actor_09/09_02_02_01_kids-talking_happy.wav,happy
data/training/Actor_09/09_02_02_01_dogs-sitting_happy.wav,happy
data/training/Actor_09/09_01_02_02_dogs-sitting_happy.wav,happy
data/training/Actor_09/09_01_02_01_dogs-sitting_happy.wav,happy
data/training/Actor_09/09_02_02_02_dogs-sitting_happy.wav,happy
data/training/Actor_09/09_02_01_01_kids-talking_happy.wav,happy
data/training/Actor_09/09_01_01_02_kids-talking_happy.wav,happy
data/training/Actor_09/09_01_01_01_kids-talking_happy.wav,happy
data/training/Actor_09/09_02_01_02_kids-talking_happy.wav,happy
data/training/Actor_09/09_02_01_02_dogs-sitting_happy.wav,happy
data/training/Actor_09/09_01_01_01_dogs-sitting_happy.wav,happy
data/training/Actor_09/09_01_01_02_dogs-sitting_happy.wav,happy
data/training/Actor_09/09_02_01_01_dogs-sitting_happy.wav,happy
data/training/Actor_07/07_02_02_01_dogs-sitting_happy.wav,happy
data/training/Actor_07/07_01_02_02_dogs-sitting_happy.wav,happy
data/training/Actor_07/07_01_02_01_dogs-sitting_happy.wav,happy
data/training/Actor_07/07_02_02_02_dogs-sitting_happy.wav,happy
data/training/Actor_07/07_02_02_02_kids-talking_happy.wav,happy
data/training/Actor_07/07_01_02_01_kids-talking_happy.wav,happy
data/training/Actor_07/07_01_02_02_kids-talking_happy.wav,happy
data/training/Actor_07/07_02_02_01_kids-talking_happy.wav,happy
data/training/Actor_07/07_02_01_02_dogs-sitting_happy.wav,happy
data/training/Actor_07/07_01_01_01_dogs-sitting_happy.wav,happy
data/training/Actor_07/07_01_01_02_dogs-sitting_happy.wav,happy
data/training/Actor_07/07_02_01_01_dogs-sitting_happy.wav,happy
data/training/Actor_07/07_02_01_01_kids-talking_happy.wav,happy
data/training/Actor_07/07_01_01_02_kids-talking_happy.wav,happy
data/training/Actor_07/07_01_01_01_kids-talking_happy.wav,happy
data/training/Actor_07/07_02_01_02_kids-talking_happy.wav,happy
data/training/Actor_06/03-02-03-02-02-01-06_happy.wav,happy
data/training/Actor_06/06_02_01_01_kids-talking_happy.wav,happy
data/training/Actor_06/06_01_01_02_kids-talking_happy.wav,happy
data/training/Actor_06/06_01_01_01_kids-talking_happy.wav,happy
data/training/Actor_06/06_02_01_02_kids-talking_happy.wav,happy
data/training/Actor_06/03-02-03-01-02-01-06_happy.wav,happy
data/training/Actor_06/06_02_01_02_dogs-sitting_happy.wav,happy
data/training/Actor_06/06_01_01_01_dogs-sitting_happy.wav,happy
data/training/Actor_06/03-02-03-01-01-02-06_happy.wav,happy
data/training/Actor_06/03-02-03-02-01-02-06_happy.wav,happy
data/training/Actor_06/06_02_01_01_dogs-sitting_happy.wav,happy
data/training/Actor_06/06_02_02_02_kids-talking_happy.wav,happy
data/training/Actor_06/06_01_02_01_kids-talking_happy.wav,happy
data/training/Actor_06/03-02-03-01-01-01-06_happy.wav,happy
data/training/Actor_06/03-02-03-02-01-01-06_happy.wav,happy
data/training/Actor_06/06_01_02_02_kids-talking_happy.wav,happy
data/training/Actor_06/06_02_02_01_kids-talking_happy.wav,happy
data/training/Actor_06/03-02-03-02-02-02-06_happy.wav,happy
data/training/Actor_06/06_02_02_01_dogs-sitting_happy.wav,happy
data/training/Actor_06/06_01_02_02_dogs-sitting_happy.wav,happy
data/training/Actor_06/06_01_02_01_dogs-sitting_happy.wav,happy
data/training/Actor_06/06_02_02_02_dogs-sitting_happy.wav,happy
data/training/Actor_06/03-02-03-01-02-02-06_happy.wav,happy
data/training/Actor_01/03-02-03-02-01-02-01_happy.wav,happy
data/training/Actor_01/01_01_02_02_kids-talking_happy.wav,happy
data/training/Actor_01/01_02_02_01_kids-talking_happy.wav,happy
data/training/Actor_01/01_02_02_02_kids-talking_happy.wav,happy
data/training/Actor_01/01_01_02_01_kids-talking_happy.wav,happy
data/training/Actor_01/03-02-03-01-01-02-01_happy.wav,happy
data/training/Actor_01/01_01_02_01_dogs-sitting_happy.wav,happy
data/training/Actor_01/01_02_02_02_dogs-sitting_happy.wav,happy
data/training/Actor_01/03-02-03-01-02-01-01_happy.wav,happy
data/training/Actor_01/01_02_02_01_dogs-sitting_happy.wav,happy
data/training/Actor_01/01_01_02_02_dogs-sitting_happy.wav,happy
data/training/Actor_01/03-02-03-02-02-01-01_happy.wav,happy
data/training/Actor_01/01_01_01_01_kids-talking_happy.wav,happy
data/training/Actor_01/01_02_01_02_kids-talking_happy.wav,happy
data/training/Actor_01/03-02-03-01-02-02-01_happy.wav,happy
data/training/Actor_01/03-02-03-02-02-02-01_happy.wav,happy
data/training/Actor_01/01_02_01_01_kids-talking_happy.wav,happy
data/training/Actor_01/01_01_01_02_kids-talking_happy.wav,happy
data/training/Actor_01/03-02-03-02-01-01-01_happy.wav,happy
data/training/Actor_01/01_01_01_02_dogs-sitting_happy.wav,happy
data/training/Actor_01/01_02_01_01_dogs-sitting_happy.wav,happy
data/training/Actor_01/01_02_01_02_dogs-sitting_happy.wav,happy
data/training/Actor_01/03-02-03-01-01-01-01_happy.wav,happy
data/training/Actor_08/08_02_01_02_dogs-sitting_happy.wav,happy
data/training/Actor_08/08_01_01_01_dogs-sitting_happy.wav,happy
data/training/Actor_08/08_01_01_02_dogs-sitting_happy.wav,happy
data/training/Actor_08/08_02_01_01_dogs-sitting_happy.wav,happy
data/training/Actor_08/08_02_01_01_kids-talking_happy.wav,happy
data/training/Actor_08/08_01_01_02_kids-talking_happy.wav,happy
data/training/Actor_08/08_01_01_01_kids-talking_happy.wav,happy
data/training/Actor_08/08_02_01_02_kids-talking_happy.wav,happy
data/training/Actor_08/08_02_02_01_dogs-sitting_happy.wav,happy
data/training/Actor_08/08_01_02_02_dogs-sitting_happy.wav,happy
data/training/Actor_08/08_01_02_01_dogs-sitting_happy.wav,happy
data/training/Actor_08/08_02_02_02_dogs-sitting_happy.wav,happy
data/training/Actor_08/08_02_02_02_kids-talking_happy.wav,happy
data/training/Actor_08/08_01_02_01_kids-talking_happy.wav,happy
data/training/Actor_08/08_01_02_02_kids-talking_happy.wav,happy
data/training/Actor_08/08_02_02_01_kids-talking_happy.wav,happy
data/training/Actor_16/03-02-05-01-01-02-16_angry.wav,angry
data/training/Actor_16/16_02_01_02_kids-talking_angry.wav,angry
data/training/Actor_16/16_02_01_01_kids-talking_angry.wav,angry
data/training/Actor_16/03-02-05-02-01-02-16_angry.wav,angry
data/training/Actor_16/16_02_01_01_dogs-sitting_angry.wav,angry
data/training/Actor_16/03-02-05-02-02-01-16_angry.wav,angry
data/training/Actor_16/03-02-05-01-02-01-16_angry.wav,angry
data/training/Actor_16/16_02_01_02_dogs-sitting_angry.wav,angry
data/training/Actor_16/16_02_02_01_kids-talking_angry.wav,angry
data/training/Actor_16/03-02-05-02-02-02-16_angry.wav,angry
data/training/Actor_16/16_02_02_02_kids-talking_angry.wav,angry
data/training/Actor_16/03-02-05-01-02-02-16_angry.wav,angry
data/training/Actor_16/16_02_02_02_dogs-sitting_angry.wav,angry
data/training/Actor_16/03-02-05-01-01-01-16_angry.wav,angry
data/training/Actor_16/16_02_02_01_dogs-sitting_angry.wav,angry
data/training/Actor_16/03-02-05-02-01-01-16_angry.wav,angry
data/training/Actor_11/03-02-05-01-02-01-11_angry.wav,angry
data/training/Actor_11/11_01_02_01_kids-talking_angry.wav,angry
data/training/Actor_11/11_02_02_02_kids-talking_angry.wav,angry
data/training/Actor_11/03-02-05-02-02-01-11_angry.wav,angry
data/training/Actor_11/11_02_02_01_kids-talking_angry.wav,angry
data/training/Actor_11/11_01_02_02_kids-talking_angry.wav,angry
data/training/Actor_11/03-02-05-02-01-02-11_angry.wav,angry
data/training/Actor_11/11_01_02_02_dogs-sitting_angry.wav,angry
data/training/Actor_11/11_02_02_01_dogs-sitting_angry.wav,angry
data/training/Actor_11/11_02_02_02_dogs-sitting_angry.wav,angry
data/training/Actor_11/11_01_02_01_dogs-sitting_angry.wav,angry
data/training/Actor_11/03-02-05-01-01-02-11_angry.wav,angry
data/training/Actor_11/11_01_01_02_kids-talking_angry.wav,angry
data/training/Actor_11/11_02_01_01_kids-talking_angry.wav,angry
data/training/Actor_11/03-02-05-02-01-01-11_angry.wav,angry
data/training/Actor_11/03-02-05-01-01-01-11_angry.wav,angry
data/training/Actor_11/11_02_01_02_kids-talking_angry.wav,angry
data/training/Actor_11/11_01_01_01_kids-talking_angry.wav,angry
data/training/Actor_11/03-02-05-01-02-02-11_angry.wav,angry
data/training/Actor_11/11_01_01_01_dogs-sitting_angry.wav,angry
data/training/Actor_11/11_02_01_02_dogs-sitting_angry.wav,angry
data/training/Actor_11/11_02_01_01_dogs-sitting_angry.wav,angry
data/training/Actor_11/11_01_01_02_dogs-sitting_angry.wav,angry
data/training/Actor_11/03-02-05-02-02-02-11_angry.wav,angry
data/training/Actor_18/18_01_01_02_dogs-sitting_angry.wav,angry
data/training/Actor_18/18_01_01_01_dogs-sitting_angry.wav,angry
data/training/Actor_18/18_01_01_01_kids-talking_angry.wav,angry
data/training/Actor_18/18_01_01_02_kids-talking_angry.wav,angry
data/training/Actor_18/18_01_02_01_dogs-sitting_angry.wav,angry
data/training/Actor_18/18_01_02_02_dogs-sitting_angry.wav,angry
data/training/Actor_18/18_01_02_02_kids-talking_angry.wav,angry
data/training/Actor_18/18_01_02_01_kids-talking_angry.wav,angry
data/training/Actor_20/03-02-05-01-01-01-20_angry.wav,angry
data/training/Actor_20/20_01_01_01_kids-talking_angry.wav,angry
data/training/Actor_20/03-02-05-02-01-01-20_angry.wav,angry
data/training/Actor_20/20_01_01_02_kids-talking_angry.wav,angry
data/training/Actor_20/03-02-05-02-02-02-20_angry.wav,angry
data/training/Actor_20/20_01_01_02_dogs-sitting_angry.wav,angry
data/training/Actor_20/03-02-05-01-02-02-20_angry.wav,angry
data/training/Actor_20/20_01_01_01_dogs-sitting_angry.wav,angry
data/training/Actor_20/20_01_02_02_kids-talking_angry.wav,angry
data/training/Actor_20/03-02-05-02-02-01-20_angry.wav,angry
data/training/Actor_20/03-02-05-01-02-01-20_angry.wav,angry
data/training/Actor_20/20_01_02_01_kids-talking_angry.wav,angry
data/training/Actor_20/03-02-05-01-01-02-20_angry.wav,angry
data/training/Actor_20/20_01_02_01_dogs-sitting_angry.wav,angry
data/training/Actor_20/20_01_02_02_dogs-sitting_angry.wav,angry
data/training/Actor_20/03-02-05-02-01-02-20_angry.wav,angry
data/training/Actor_21/21_01_02_01_dogs-sitting_angry.wav,angry
data/training/Actor_21/03-02-05-02-02-02-21_angry.wav,angry
data/training/Actor_21/03-02-05-01-02-02-21_angry.wav,angry
data/training/Actor_21/21_01_02_02_dogs-sitting_angry.wav,angry
data/training/Actor_21/03-02-05-01-01-01-21_angry.wav,angry
data/training/Actor_21/21_01_02_02_kids-talking_angry.wav,angry
data/training/Actor_21/21_01_02_01_kids-talking_angry.wav,angry
data/training/Actor_21/03-02-05-02-01-01-21_angry.wav,angry
data/training/Actor_21/03-02-05-01-01-02-21_angry.wav,angry
data/training/Actor_21/21_01_01_02_dogs-sitting_angry.wav,angry
data/training/Actor_21/21_01_01_01_dogs-sitting_angry.wav,angry
data/training/Actor_21/03-02-05-02-01-02-21_angry.wav,angry
data/training/Actor_21/21_01_01_01_kids-talking_angry.wav,angry
data/training/Actor_21/03-02-05-02-02-01-21_angry.wav,angry
data/training/Actor_21/03-02-05-01-02-01-21_angry.wav,angry
data/training/Actor_21/21_01_01_02_kids-talking_angry.wav,angry
data/training/Actor_26/26_01_01_01_sour_angry.wav,angry
data/training/Actor_26/26_01_01_01_chief_angry.wav,angry
data/training/Actor_26/26_01_01_01_walk_angry.wav,angry
data/training/Actor_26/26_01_01_01_half_angry.wav,angry
data/training/Actor_26/26_01_01_01_keep_angry.wav,angry
data/training/Actor_26/26_01_01_01_south_angry.wav,angry
data/training/Actor_26/26_01_01_01_pike_angry.wav,angry
data/training/Actor_26/26_01_01_01_week_angry.wav,angry
data/training/Actor_26/26_01_01_01_merge_angry.wav,angry
data/training/Actor_26/26_01_01_01_voice_angry.wav,angry
data/training/Actor_26/26_01_01_01_match_angry.wav,angry
data/training/Actor_26/26_01_01_01_thin_angry.wav,angry
data/training/Actor_26/26_01_01_01_knock_angry.wav,angry
data/training/Actor_26/26_01_01_01_goal_angry.wav,angry
data/training/Actor_26/26_01_01_01_shirt_angry.wav,angry
data/training/Actor_26/26_01_01_01_bean_angry.wav,angry
data/training/Actor_26/26_01_01_01_page_angry.wav,angry
data/training/Actor_26/26_01_01_01_gun_angry.wav,angry
data/training/Actor_26/26_01_01_01_witch_angry.wav,angry
data/training/Actor_26/26_01_01_01_vine_angry.wav,angry
data/training/Actor_26/26_01_01_01_door_angry.wav,angry
data/training/Actor_26/26_01_01_01_nice_angry.wav,angry
data/training/Actor_26/26_01_01_01_moon_angry.wav,angry
data/training/Actor_26/26_01_01_01_bone_angry.wav,angry
data/training/Actor_26/26_01_01_01_base_angry.wav,angry
data/training/Actor_26/26_01_01_01_good_angry.wav,angry
data/training/Actor_26/26_01_01_01_dip_angry.wav,angry
data/training/Actor_26/26_01_01_01_hate_angry.wav,angry
data/training/Actor_26/26_01_01_01_sheep_angry.wav,angry
data/training/Actor_26/26_01_01_01_wife_angry.wav,angry
data/training/Actor_26/26_01_01_01_kill_angry.wav,angry
data/training/Actor_26/26_01_01_01_time_angry.wav,angry
data/training/Actor_26/26_01_01_01_met_angry.wav,angry
data/training/Actor_26/26_01_01_01_germ_angry.wav,angry
data/training/Actor_26/26_01_01_01_dodge_angry.wav,angry
data/training/Actor_26/26_01_01_01_tough_angry.wav,angry
data/training/Actor_26/26_01_01_01_wheat_angry.wav,angry
data/training/Actor_26/26_01_01_01_cool_angry.wav,angry
data/training/Actor_26/26_01_01_01_long_angry.wav,angry
data/training/Actor_26/26_01_01_01_shout_angry.wav,angry
data/training/Actor_26/26_01_01_01_yearn_angry.wav,angry
data/training/Actor_26/26_01_01_01_hole_angry.wav,angry
data/training/Actor_26/26_01_01_01_tell_angry.wav,angry
data/training/Actor_26/26_01_01_01_sell_angry.wav,angry
data/training/Actor_26/26_01_01_01_kick_angry.wav,angry
data/training/Actor_26/26_01_01_01_bought_angry.wav,angry
data/training/Actor_26/26_01_01_01_learn_angry.wav,angry
data/training/Actor_26/26_01_01_01_back_angry.wav,angry
data/training/Actor_26/26_01_01_01_thumb_angry.wav,angry
data/training/Actor_26/26_01_01_01_live_angry.wav,angry
data/training/Actor_26/26_01_01_01_laud_angry.wav,angry
data/training/Actor_26/26_01_01_01_keen_angry.wav,angry
data/training/Actor_26/26_01_01_01_chat_angry.wav,angry
data/training/Actor_26/26_01_01_01_perch_angry.wav,angry
data/training/Actor_26/26_01_01_01_thought_angry.wav,angry
data/training/Actor_26/26_01_01_01_rain_angry.wav,angry
data/training/Actor_26/26_01_01_01_cheek_angry.wav,angry
data/training/Actor_26/26_01_01_01_food_angry.wav,angry
data/training/Actor_26/26_01_01_01_mill_angry.wav,angry
data/training/Actor_26/26_01_01_01_jug_angry.wav,angry
data/training/Actor_26/26_01_01_01_chalk_angry.wav,angry
data/training/Actor_26/26_01_01_01_pole_angry.wav,angry
data/training/Actor_26/26_01_01_01_loaf_angry.wav,angry
data/training/Actor_26/26_01_01_01_gap_angry.wav,angry
data/training/Actor_26/26_01_01_01_dead_angry.wav,angry
data/training/Actor_26/26_01_01_01_raise_angry.wav,angry
data/training/Actor_26/26_01_01_01_name_angry.wav,angry
data/training/Actor_26/26_01_01_01_dog_angry.wav,angry
data/training/Actor_26/26_01_01_01_five_angry.wav,angry
data/training/Actor_26/26_01_01_01_raid_angry.wav,angry
data/training/Actor_26/26_01_01_01_lose_angry.wav,angry
data/training/Actor_26/26_01_01_01_tip_angry.wav,angry
data/training/Actor_26/26_01_01_01_date_angry.wav,angry
data/training/Actor_26/26_01_01_01_make_angry.wav,angry
data/training/Actor_26/26_01_01_01_gin_angry.wav,angry
data/training/Actor_26/26_01_01_01_ring_angry.wav,angry
data/training/Actor_26/26_01_01_01_jar_angry.wav,angry
data/training/Actor_26/26_01_01_01_have_angry.wav,angry
data/training/Actor_26/26_01_01_01_tape_angry.wav,angry
data/training/Actor_26/26_01_01_01_burn_angry.wav,angry
data/training/Actor_26/26_01_01_01_luck_angry.wav,angry
data/training/Actor_26/26_01_01_01_fat_angry.wav,angry
data/training/Actor_26/26_01_01_01_choice_angry.wav,angry
data/training/Actor_26/26_01_01_01_dab_angry.wav,angry
data/training/Actor_26/26_01_01_01_rush_angry.wav,angry
data/training/Actor_26/26_01_01_01_pool_angry.wav,angry
data/training/Actor_26/26_01_01_01_book_angry.wav,angry
data/training/Actor_26/26_01_01_01_said_angry.wav,angry
data/training/Actor_26/26_01_01_01_limb_angry.wav,angry
data/training/Actor_26/26_01_01_01_death_angry.wav,angry
data/training/Actor_26/26_01_01_01_void_angry.wav,angry
data/training/Actor_26/26_01_01_01_wash_angry.wav,angry
data/training/Actor_26/26_01_01_01_mood_angry.wav,angry
data/training/Actor_26/26_01_01_01_beg_angry.wav,angry
data/training/Actor_26/26_01_01_01_white_angry.wav,angry
data/training/Actor_26/26_01_01_01_hire_angry.wav,angry
data/training/Actor_26/26_01_01_01_king_angry.wav,angry
data/training/Actor_26/26_01_01_01_take_angry.wav,angry
data/training/Actor_26/26_01_01_01_far_angry.wav,angry
data/training/Actor_26/26_01_01_01_get_angry.wav,angry
data/training/Actor_26/26_01_01_01_rose_angry.wav,angry
data/training/Actor_26/26_01_01_01_hash_angry.wav,angry
data/training/Actor_26/26_01_01_01_when_angry.wav,angry
data/training/Actor_26/26_01_01_01_keg_angry.wav,angry
data/training/Actor_26/26_01_01_01_bath_angry.wav,angry
data/training/Actor_26/26_01_01_01_young_angry.wav,angry
data/training/Actor_26/26_01_01_01_love_angry.wav,angry
data/training/Actor_26/26_01_01_01_fit_angry.wav,angry
data/training/Actor_26/26_01_01_01_gaze_angry.wav,angry
data/training/Actor_26/26_01_01_01_kite_angry.wav,angry
data/training/Actor_26/26_01_01_01_hall_angry.wav,angry
data/training/Actor_26/26_01_01_01_wire_angry.wav,angry
data/training/Actor_26/26_01_01_01_rot_angry.wav,angry
data/training/Actor_26/26_01_01_01_youth_angry.wav,angry
data/training/Actor_26/26_01_01_01_team_angry.wav,angry
data/training/Actor_26/26_01_01_01_such_angry.wav,angry
data/training/Actor_26/26_01_01_01_phone_angry.wav,angry
data/training/Actor_26/26_01_01_01_rat_angry.wav,angry
data/training/Actor_26/26_01_01_01_soup_angry.wav,angry
data/training/Actor_26/26_01_01_01_road_angry.wav,angry
data/training/Actor_26/26_01_01_01_home_angry.wav,angry
data/training/Actor_26/26_01_01_01_gas_angry.wav,angry
data/training/Actor_26/26_01_01_01_wag_angry.wav,angry
data/training/Actor_26/26_01_01_01_dime_angry.wav,angry
data/training/Actor_26/26_01_01_01_search_angry.wav,angry
data/training/Actor_26/26_01_01_01_sail_angry.wav,angry
data/training/Actor_26/26_01_01_01_size_angry.wav,angry
data/training/Actor_26/26_01_01_01_shawl_angry.wav,angry
data/training/Actor_26/26_01_01_01_deep_angry.wav,angry
data/training/Actor_26/26_01_01_01_should_angry.wav,angry
data/training/Actor_26/26_01_01_01_hit_angry.wav,angry
data/training/Actor_26/26_01_01_01_sub_angry.wav,angry
data/training/Actor_26/26_01_01_01_shack_angry.wav,angry
data/training/Actor_26/26_01_01_01_judge_angry.wav,angry
data/training/Actor_26/26_01_01_01_goose_angry.wav,angry
data/training/Actor_26/26_01_01_01_ton_angry.wav,angry
data/training/Actor_26/26_01_01_01_rag_angry.wav,angry
data/training/Actor_26/26_01_01_01_puff_angry.wav,angry
data/training/Actor_26/26_01_01_01_lean_angry.wav,angry
data/training/Actor_26/26_01_01_01_jail_angry.wav,angry
data/training/Actor_26/26_01_01_01_hurl_angry.wav,angry
data/training/Actor_26/26_01_01_01_yes_angry.wav,angry
data/training/Actor_26/26_01_01_01_hush_angry.wav,angry
data/training/Actor_26/26_01_01_01_pad_angry.wav,angry
data/training/Actor_26/26_01_01_01_shall_angry.wav,angry
data/training/Actor_26/26_01_01_01_tool_angry.wav,angry
data/training/Actor_26/26_01_01_01_lease_angry.wav,angry
data/training/Actor_26/26_01_01_01_juice_angry.wav,angry
data/training/Actor_26/26_01_01_01_mob_angry.wav,angry
data/training/Actor_26/26_01_01_01_pass_angry.wav,angry
data/training/Actor_26/26_01_01_01_tire_angry.wav,angry
data/training/Actor_26/26_01_01_01_sure_angry.wav,angry
data/training/Actor_26/26_01_01_01_vote_angry.wav,angry
data/training/Actor_26/26_01_01_01_room_angry.wav,angry
data/training/Actor_26/26_01_01_01_join_angry.wav,angry
data/training/Actor_26/26_01_01_01_reach_angry.wav,angry
data/training/Actor_26/26_01_01_01_third_angry.wav,angry
data/training/Actor_26/26_01_01_01_life_angry.wav,angry
data/training/Actor_26/26_01_01_01_doll_angry.wav,angry
data/training/Actor_26/26_01_01_01_lot_angry.wav,angry
data/training/Actor_26/26_01_01_01_talk_angry.wav,angry
data/training/Actor_26/26_01_01_01_mess_angry.wav,angry
data/training/Actor_26/26_01_01_01_bite_angry.wav,angry
data/training/Actor_26/26_01_01_01_fall_angry.wav,angry
data/training/Actor_26/26_01_01_01_pain_angry.wav,angry
data/training/Actor_26/26_01_01_01_nag_angry.wav,angry
data/training/Actor_26/26_01_01_01_neat_angry.wav,angry
data/training/Actor_26/26_01_01_01_late_angry.wav,angry
data/training/Actor_26/26_01_01_01_mop_angry.wav,angry
data/training/Actor_26/26_01_01_01_note_angry.wav,angry
data/training/Actor_26/26_01_01_01_ripe_angry.wav,angry
data/training/Actor_26/26_01_01_01_ditch_angry.wav,angry
data/training/Actor_26/26_01_01_01_seize_angry.wav,angry
data/training/Actor_26/26_01_01_01_read_angry.wav,angry
data/training/Actor_26/26_01_01_01_mouse_angry.wav,angry
data/training/Actor_26/26_01_01_01_haze_angry.wav,angry
data/training/Actor_26/26_01_01_01_pearl_angry.wav,angry
data/training/Actor_26/26_01_01_01_lore_angry.wav,angry
data/training/Actor_26/26_01_01_01_mode_angry.wav,angry
data/training/Actor_26/26_01_01_01_check_angry.wav,angry
data/training/Actor_26/26_01_01_01_boat_angry.wav,angry
data/training/Actor_26/26_01_01_01_soap_angry.wav,angry
data/training/Actor_26/26_01_01_01_which_angry.wav,angry
data/training/Actor_26/26_01_01_01_peg_angry.wav,angry
data/training/Actor_26/26_01_01_01_whip_angry.wav,angry
data/training/Actor_26/26_01_01_01_rough_angry.wav,angry
data/training/Actor_26/26_01_01_01_pick_angry.wav,angry
data/training/Actor_26/26_01_01_01_numb_angry.wav,angry
data/training/Actor_26/26_01_01_01_near_angry.wav,angry
data/training/Actor_26/26_01_01_01_turn_angry.wav,angry
data/training/Actor_26/26_01_01_01_red_angry.wav,angry
data/training/Actor_26/26_01_01_01_fail_angry.wav,angry
data/training/Actor_26/26_01_01_01_lid_angry.wav,angry
data/training/Actor_26/26_01_01_01_bar_angry.wav,angry
data/training/Actor_19/03-02-05-02-02-02-19_angry.wav,angry
data/training/Actor_19/19_02_02_01_kids-talking_angry.wav,angry
data/training/Actor_19/19_01_02_02_kids-talking_angry.wav,angry
data/training/Actor_19/19_01_02_01_kids-talking_angry.wav,angry
data/training/Actor_19/19_02_02_02_kids-talking_angry.wav,angry
data/training/Actor_19/03-02-05-01-02-02-19_angry.wav,angry
data/training/Actor_19/19_02_02_02_dogs-sitting_angry.wav,angry
data/training/Actor_19/19_01_02_01_dogs-sitting_angry.wav,angry
data/training/Actor_19/03-02-05-01-01-01-19_angry.wav,angry
data/training/Actor_19/03-02-05-02-01-01-19_angry.wav,angry
data/training/Actor_19/19_01_02_02_dogs-sitting_angry.wav,angry
data/training/Actor_19/19_02_02_01_dogs-sitting_angry.wav,angry
data/training/Actor_19/19_02_01_02_kids-talking_angry.wav,angry
data/training/Actor_19/19_01_01_01_kids-talking_angry.wav,angry
data/training/Actor_19/03-02-05-01-01-02-19_angry.wav,angry
data/training/Actor_19/03-02-05-02-01-02-19_angry.wav,angry
data/training/Actor_19/19_01_01_02_kids-talking_angry.wav,angry
data/training/Actor_19/19_02_01_01_kids-talking_angry.wav,angry
data/training/Actor_19/03-02-05-02-02-01-19_angry.wav,angry
data/training/Actor_19/19_02_01_01_dogs-sitting_angry.wav,angry
data/training/Actor_19/19_01_01_02_dogs-sitting_angry.wav,angry
data/training/Actor_19/19_01_01_01_dogs-sitting_angry.wav,angry
data/training/Actor_19/19_02_01_02_dogs-sitting_angry.wav,angry
data/training/Actor_19/03-02-05-01-02-01-19_angry.wav,angry
data/training/Actor_10/10_01_01_01_dogs-sitting_angry.wav,angry
data/training/Actor_10/10_02_01_02_dogs-sitting_angry.wav,angry
data/training/Actor_10/10_02_01_01_dogs-sitting_angry.wav,angry
data/training/Actor_10/10_01_01_02_dogs-sitting_angry.wav,angry
data/training/Actor_10/10_01_01_02_kids-talking_angry.wav,angry
data/training/Actor_10/10_02_01_01_kids-talking_angry.wav,angry
data/training/Actor_10/10_02_01_02_kids-talking_angry.wav,angry
data/training/Actor_10/10_01_01_01_kids-talking_angry.wav,angry
data/training/Actor_10/10_01_02_02_dogs-sitting_angry.wav,angry
data/training/Actor_10/10_02_02_01_dogs-sitting_angry.wav,angry
data/training/Actor_10/10_02_02_02_dogs-sitting_angry.wav,angry
data/training/Actor_10/10_01_02_01_dogs-sitting_angry.wav,angry
data/training/Actor_10/10_01_02_01_kids-talking_angry.wav,angry
data/training/Actor_10/10_02_02_02_kids-talking_angry.wav,angry
data/training/Actor_10/10_02_02_01_kids-talking_angry.wav,angry
data/training/Actor_10/10_01_02_02_kids-talking_angry.wav,angry
data/training/Actor_17/17_02_02_02_dogs-sitting_angry.wav,angry
data/training/Actor_17/03-02-05-02-02-01-17_angry.wav,angry
data/training/Actor_17/03-02-05-01-02-01-17_angry.wav,angry
data/training/Actor_17/17_02_02_01_dogs-sitting_angry.wav,angry
data/training/Actor_17/03-02-05-01-01-02-17_angry.wav,angry
data/training/Actor_17/17_02_02_01_kids-talking_angry.wav,angry
data/training/Actor_17/17_02_02_02_kids-talking_angry.wav,angry
data/training/Actor_17/03-02-05-02-01-02-17_angry.wav,angry
data/training/Actor_17/03-02-05-01-01-01-17_angry.wav,angry
data/training/Actor_17/17_02_01_01_dogs-sitting_angry.wav,angry
data/training/Actor_17/17_02_01_02_dogs-sitting_angry.wav,angry
data/training/Actor_17/03-02-05-02-01-01-17_angry.wav,angry
data/training/Actor_17/17_02_01_02_kids-talking_angry.wav,angry
data/training/Actor_17/03-02-05-02-02-02-17_angry.wav,angry
data/training/Actor_17/03-02-05-01-02-02-17_angry.wav,angry
data/training/Actor_17/17_02_01_01_kids-talking_angry.wav,angry
data/training/Actor_04/04_02_01_02_kids-talking_angry.wav,angry
data/training/Actor_04/04_01_01_01_kids-talking_angry.wav,angry
data/training/Actor_04/03-02-05-02-01-02-04_angry.wav,angry
data/training/Actor_04/04_01_01_02_kids-talking_angry.wav,angry
data/training/Actor_04/04_02_01_01_kids-talking_angry.wav,angry
data/training/Actor_04/03-02-05-01-01-02-04_angry.wav,angry
data/training/Actor_04/04_02_01_01_dogs-sitting_angry.wav,angry
data/training/Actor_04/04_01_01_02_dogs-sitting_angry.wav,angry
data/training/Actor_04/03-02-05-01-02-01-04_angry.wav,angry
data/training/Actor_04/04_01_01_01_dogs-sitting_angry.wav,angry
data/training/Actor_04/04_02_01_02_dogs-sitting_angry.wav,angry
data/training/Actor_04/03-02-05-02-02-01-04_angry.wav,angry
data/training/Actor_04/03-02-05-01-02-02-04_angry.wav,angry
data/training/Actor_04/04_02_02_01_kids-talking_angry.wav,angry
data/training/Actor_04/04_01_02_02_kids-talking_angry.wav,angry
data/training/Actor_04/04_01_02_01_kids-talking_angry.wav,angry
data/training/Actor_04/04_02_02_02_kids-talking_angry.wav,angry
data/training/Actor_04/03-02-05-02-02-02-04_angry.wav,angry
data/training/Actor_04/04_02_02_02_dogs-sitting_angry.wav,angry
data/training/Actor_04/04_01_02_01_dogs-sitting_angry.wav,angry
data/training/Actor_04/03-02-05-02-01-01-04_angry.wav,angry
data/training/Actor_04/03-02-05-01-01-01-04_angry.wav,angry
data/training/Actor_04/04_01_02_02_dogs-sitting_angry.wav,angry
data/training/Actor_04/04_02_02_01_dogs-sitting_angry.wav,angry
data/training/Actor_03/03_01_02_01_kids-talking_angry.wav,angry
data/training/Actor_03/03_02_02_02_kids-talking_angry.wav,angry
data/training/Actor_03/03-02-05-02-02-01-03_angry.wav,angry
data/training/Actor_03/03-02-05-01-02-01-03_angry.wav,angry
data/training/Actor_03/03_02_02_01_kids-talking_angry.wav,angry
data/training/Actor_03/03_01_02_02_kids-talking_angry.wav,angry
data/training/Actor_03/03-02-05-01-01-02-03_angry.wav,angry
data/training/Actor_03/03_01_02_02_dogs-sitting_angry.wav,angry
data/training/Actor_03/03_02_02_01_dogs-sitting_angry.wav,angry
data/training/Actor_03/03_02_02_02_dogs-sitting_angry.wav,angry
data/training/Actor_03/03_01_02_01_dogs-sitting_angry.wav,angry
data/training/Actor_03/03-02-05-02-01-02-03_angry.wav,angry
data/training/Actor_03/03_01_01_02_kids-talking_angry.wav,angry
data/training/Actor_03/03_02_01_01_kids-talking_angry.wav,angry
data/training/Actor_03/03-02-05-01-01-01-03_angry.wav,angry
data/training/Actor_03/03-02-05-02-01-01-03_angry.wav,angry
data/training/Actor_03/03_02_01_02_kids-talking_angry.wav,angry
data/training/Actor_03/03_01_01_01_kids-talking_angry.wav,angry
data/training/Actor_03/03-02-05-02-02-02-03_angry.wav,angry
data/training/Actor_03/03_01_01_01_dogs-sitting_angry.wav,angry
data/training/Actor_03/03_02_01_02_dogs-sitting_angry.wav,angry
data/training/Actor_03/03_02_01_01_dogs-sitting_angry.wav,angry
data/training/Actor_03/03_01_01_02_dogs-sitting_angry.wav,angry
data/training/Actor_03/03-02-05-01-02-02-03_angry.wav,angry
data/training/Actor_02/02_02_01_02_dogs-sitting_angry.wav,angry
data/training/Actor_02/03-02-05-01-01-02-02_angry.wav,angry
data/training/Actor_02/02_02_01_01_dogs-sitting_angry.wav,angry
data/training/Actor_02/02_01_01_02_dogs-sitting_angry.wav,angry
data/training/Actor_02/03-02-05-02-01-02-02_angry.wav,angry
data/training/Actor_02/02_01_01_02_kids-talking_angry.wav,angry
data/training/Actor_02/02_02_01_01_kids-talking_angry.wav,angry
data/training/Actor_02/03-02-05-02-02-01-02_angry.wav,angry
data/training/Actor_02/02_02_01_02_kids-talking_angry.wav,angry
data/training/Actor_02/03-02-05-01-02-01-02_angry.wav,angry
data/training/Actor_02/02_01_02_02_dogs-sitting_angry.wav,angry
data/training/Actor_02/02_02_02_01_dogs-sitting_angry.wav,angry
data/training/Actor_02/03-02-05-02-02-02-02_angry.wav,angry
data/training/Actor_02/03-02-05-01-02-02-02_angry.wav,angry
data/training/Actor_02/02_02_02_02_dogs-sitting_angry.wav,angry
data/training/Actor_02/02_01_02_01_dogs-sitting_angry.wav,angry
data/training/Actor_02/03-02-05-01-01-01-02_angry.wav,angry
data/training/Actor_02/02_01_02_01_kids-talking_angry.wav,angry
data/training/Actor_02/02_02_02_02_kids-talking_angry.wav,angry
data/training/Actor_02/02_02_02_01_kids-talking_angry.wav,angry
data/training/Actor_02/02_01_02_02_kids-talking_angry.wav,angry
data/training/Actor_02/03-02-05-02-01-01-02_angry.wav,angry
data/training/Actor_05/03-02-05-01-02-01-05_angry.wav,angry
data/training/Actor_05/05_02_02_02_dogs-sitting_angry.wav,angry
data/training/Actor_05/05_01_02_01_dogs-sitting_angry.wav,angry
data/training/Actor_05/05_01_02_02_dogs-sitting_angry.wav,angry
data/training/Actor_05/05_02_02_01_dogs-sitting_angry.wav,angry
data/training/Actor_05/03-02-05-02-02-01-05_angry.wav,angry
data/training/Actor_05/05_02_02_01_kids-talking_angry.wav,angry
data/training/Actor_05/05_01_02_02_kids-talking_angry.wav,angry
data/training/Actor_05/03-02-05-02-01-02-05_angry.wav,angry
data/training/Actor_05/03-02-05-01-01-02-05_angry.wav,angry
data/training/Actor_05/05_01_02_01_kids-talking_angry.wav,angry
data/training/Actor_05/05_02_02_02_kids-talking_angry.wav,angry
data/training/Actor_05/05_02_01_01_dogs-sitting_angry.wav,angry
data/training/Actor_05/05_01_01_02_dogs-sitting_angry.wav,angry
data/training/Actor_05/03-02-05-02-01-01-05_angry.wav,angry
data/training/Actor_05/03-02-05-01-01-01-05_angry.wav,angry
data/training/Actor_05/05_01_01_01_dogs-sitting_angry.wav,angry
data/training/Actor_05/05_02_01_02_dogs-sitting_angry.wav,angry
data/training/Actor_05/03-02-05-01-02-02-05_angry.wav,angry
data/training/Actor_05/05_02_01_02_kids-talking_angry.wav,angry
data/training/Actor_05/05_01_01_01_kids-talking_angry.wav,angry
data/training/Actor_05/05_01_01_02_kids-talking_angry.wav,angry
data/training/Actor_05/05_02_01_01_kids-talking_angry.wav,angry
data/training/Actor_05/03-02-05-02-02-02-05_angry.wav,angry
data/training/Actor_12/12_01_02_01_dogs-sitting_angry.wav,angry
data/training/Actor_12/12_02_02_02_dogs-sitting_angry.wav,angry
data/training/Actor_12/03-02-05-01-02-02-12_angry.wav,angry
data/training/Actor_12/03-02-05-02-02-02-12_angry.wav,angry
data/training/Actor_12/12_02_02_01_dogs-sitting_angry.wav,angry
data/training/Actor_12/12_01_02_02_dogs-sitting_angry.wav,angry
data/training/Actor_12/03-02-05-02-01-01-12_angry.wav,angry
data/training/Actor_12/12_01_02_02_kids-talking_angry.wav,angry
data/training/Actor_12/12_02_02_01_kids-talking_angry.wav,angry
data/training/Actor_12/12_02_02_02_kids-talking_angry.wav,angry
data/training/Actor_12/12_01_02_01_kids-talking_angry.wav,angry
data/training/Actor_12/03-02-05-01-01-01-12_angry.wav,angry
data/training/Actor_12/12_01_01_02_dogs-sitting_angry.wav,angry
data/training/Actor_12/12_02_01_01_dogs-sitting_angry.wav,angry
data/training/Actor_12/03-02-05-02-01-02-12_angry.wav,angry
data/training/Actor_12/03-02-05-01-01-02-12_angry.wav,angry
data/training/Actor_12/12_02_01_02_dogs-sitting_angry.wav,angry
data/training/Actor_12/12_01_01_01_dogs-sitting_angry.wav,angry
data/training/Actor_12/03-02-05-01-02-01-12_angry.wav,angry
data/training/Actor_12/12_01_01_01_kids-talking_angry.wav,angry
data/training/Actor_12/12_02_01_02_kids-talking_angry.wav,angry
data/training/Actor_12/12_02_01_01_kids-talking_angry.wav,angry
data/training/Actor_12/12_01_01_02_kids-talking_angry.wav,angry
data/training/Actor_12/03-02-05-02-02-01-12_angry.wav,angry
data/training/Actor_15/03-02-05-01-01-01-15_angry.wav,angry
data/training/Actor_15/15_02_01_02_dogs-sitting_angry.wav,angry
data/training/Actor_15/15_02_01_01_dogs-sitting_angry.wav,angry
data/training/Actor_15/03-02-05-02-01-01-15_angry.wav,angry
data/training/Actor_15/15_02_01_01_kids-talking_angry.wav,angry
data/training/Actor_15/03-02-05-02-02-02-15_angry.wav,angry
data/training/Actor_15/03-02-05-01-02-02-15_angry.wav,angry
data/training/Actor_15/15_02_01_02_kids-talking_angry.wav,angry
data/training/Actor_15/15_02_02_01_dogs-sitting_angry.wav,angry
data/training/Actor_15/03-02-05-02-02-01-15_angry.wav,angry
data/training/Actor_15/15_02_02_02_dogs-sitting_angry.wav,angry
data/training/Actor_15/03-02-05-01-02-01-15_angry.wav,angry
data/training/Actor_15/15_02_02_02_kids-talking_angry.wav,angry
data/training/Actor_15/03-02-05-01-01-02-15_angry.wav,angry
data/training/Actor_15/15_02_02_01_kids-talking_angry.wav,angry
data/training/Actor_15/03-02-05-02-01-02-15_angry.wav,angry
data/training/Actor_23/03-02-05-01-01-02-23_angry.wav,angry
data/training/Actor_23/23_01_01_01_dogs-sitting_angry.wav,angry
data/training/Actor_23/03-02-05-02-01-02-23_angry.wav,angry
data/training/Actor_23/23_01_01_02_dogs-sitting_angry.wav,angry
data/training/Actor_23/03-02-05-02-02-01-23_angry.wav,angry
data/training/Actor_23/23_01_01_02_kids-talking_angry.wav,angry
data/training/Actor_23/03-02-05-01-02-01-23_angry.wav,angry
data/training/Actor_23/23_01_01_01_kids-talking_angry.wav,angry
data/training/Actor_23/23_01_02_02_dogs-sitting_angry.wav,angry
data/training/Actor_23/03-02-05-02-02-02-23_angry.wav,angry
data/training/Actor_23/03-02-05-01-02-02-23_angry.wav,angry
data/training/Actor_23/23_01_02_01_dogs-sitting_angry.wav,angry
data/training/Actor_23/03-02-05-01-01-01-23_angry.wav,angry
data/training/Actor_23/23_01_02_01_kids-talking_angry.wav,angry
data/training/Actor_23/23_01_02_02_kids-talking_angry.wav,angry
data/training/Actor_23/03-02-05-02-01-01-23_angry.wav,angry
data/training/Actor_24/03-02-05-01-02-01-24_angry.wav,angry
data/training/Actor_24/24_01_02_01_dogs-sitting_angry.wav,angry
data/training/Actor_24/24_02_02_02_dogs-sitting_angry.wav,angry
data/training/Actor_24/24_02_02_01_dogs-sitting_angry.wav,angry
data/training/Actor_24/24_01_02_02_dogs-sitting_angry.wav,angry
data/training/Actor_24/03-02-05-02-02-01-24_angry.wav,angry
data/training/Actor_24/24_01_02_02_kids-talking_angry.wav,angry
data/training/Actor_24/24_02_02_01_kids-talking_angry.wav,angry
data/training/Actor_24/03-02-05-02-01-02-24_angry.wav,angry
data/training/Actor_24/03-02-05-01-01-02-24_angry.wav,angry
data/training/Actor_24/24_02_02_02_kids-talking_angry.wav,angry
data/training/Actor_24/24_01_02_01_kids-talking_angry.wav,angry
data/training/Actor_24/24_01_01_02_dogs-sitting_angry.wav,angry
data/training/Actor_24/24_02_01_01_dogs-sitting_angry.wav,angry
data/training/Actor_24/03-02-05-02-01-01-24_angry.wav,angry
data/training/Actor_24/24_02_01_02_dogs-sitting_angry.wav,angry
data/training/Actor_24/24_01_01_01_dogs-sitting_angry.wav,angry
data/training/Actor_24/03-02-05-01-01-01-24_angry.wav,angry
data/training/Actor_24/24_01_01_01_kids-talking_angry.wav,angry
data/training/Actor_24/24_02_01_02_kids-talking_angry.wav,angry
data/training/Actor_24/03-02-05-01-02-02-24_angry.wav,angry
data/training/Actor_24/03-02-05-02-02-02-24_angry.wav,angry
data/training/Actor_24/24_02_01_01_kids-talking_angry.wav,angry
data/training/Actor_24/24_01_01_02_kids-talking_angry.wav,angry
data/training/Actor_25/25_01_01_01_rose_angry.wav,angry
data/training/Actor_25/25_01_01_01_when_angry.wav,angry
data/training/Actor_25/25_01_01_01_hash_angry.wav,angry
data/training/Actor_25/25_01_01_01_hall_angry.wav,angry
data/training/Actor_25/25_01_01_01_wire_angry.wav,angry
data/training/Actor_25/25_01_01_01_kite_angry.wav,angry
data/training/Actor_25/25_01_01_01_gaze_angry.wav,angry
data/training/Actor_25/25_01_01_01_love_angry.wav,angry
data/training/Actor_25/25_01_01_01_team_angry.wav,angry
data/training/Actor_25/25_01_01_01_jug_angry.wav,angry
data/training/Actor_25/25_01_01_01_goose_angry.wav,angry
data/training/Actor_25/25_01_01_01_said_angry.wav,angry
data/training/Actor_25/25_01_01_01_pool_angry.wav,angry
data/training/Actor_25/25_01_01_01_judge_angry.wav,angry
data/training/Actor_25/25_01_01_01_wash_angry.wav,angry
data/training/Actor_25/25_01_01_01_mood_angry.wav,angry
data/training/Actor_25/25_01_01_01_void_angry.wav,angry
data/training/Actor_25/25_01_01_01_limb_angry.wav,angry
data/training/Actor_25/25_01_01_01_shall_angry.wav,angry
data/training/Actor_25/25_01_01_01_take_angry.wav,angry
data/training/Actor_25/25_01_01_01_lease_angry.wav,angry
data/training/Actor_25/25_01_01_01_juice_angry.wav,angry
data/training/Actor_25/25_01_01_01_king_angry.wav,angry
data/training/Actor_25/25_01_01_01_hire_angry.wav,angry
data/training/Actor_25/25_01_01_01_should_angry.wav,angry
data/training/Actor_25/25_01_01_01_ring_angry.wav,angry
data/training/Actor_25/25_01_01_01_gun_angry.wav,angry
data/training/Actor_25/25_01_01_01_make_angry.wav,angry
data/training/Actor_25/25_01_01_01_tape_angry.wav,angry
data/training/Actor_25/25_01_01_01_shawl_angry.wav,angry
data/training/Actor_25/25_01_01_01_have_angry.wav,angry
data/training/Actor_25/25_01_01_01_met_angry.wav,angry
data/training/Actor_25/25_01_01_01_luck_angry.wav,angry
data/training/Actor_25/25_01_01_01_search_angry.wav,angry
data/training/Actor_25/25_01_01_01_shack_angry.wav,angry
data/training/Actor_25/25_01_01_01_rush_angry.wav,angry
data/training/Actor_25/25_01_01_01_name_angry.wav,angry
data/training/Actor_25/25_01_01_01_phone_angry.wav,angry
data/training/Actor_25/25_01_01_01_five_angry.wav,angry
data/training/Actor_25/25_01_01_01_lose_angry.wav,angry
data/training/Actor_25/25_01_01_01_rough_angry.wav,angry
data/training/Actor_25/25_01_01_01_laud_angry.wav,angry
data/training/Actor_25/25_01_01_01_live_angry.wav,angry
data/training/Actor_25/25_01_01_01_keg_angry.wav,angry
data/training/Actor_25/25_01_01_01_which_angry.wav,angry
data/training/Actor_25/25_01_01_01_mill_angry.wav,angry
data/training/Actor_25/25_01_01_01_food_angry.wav,angry
data/training/Actor_25/25_01_01_01_get_angry.wav,angry
data/training/Actor_25/25_01_01_01_keen_angry.wav,angry
data/training/Actor_25/25_01_01_01_rot_angry.wav,angry
data/training/Actor_25/25_01_01_01_loaf_angry.wav,angry
data/training/Actor_25/25_01_01_01_pole_angry.wav,angry
data/training/Actor_25/25_01_01_01_fit_angry.wav,angry
data/training/Actor_25/25_01_01_01_seize_angry.wav,angry
data/training/Actor_25/25_01_01_01_germ_angry.wav,angry
data/training/Actor_25/25_01_01_01_mouse_angry.wav,angry
data/training/Actor_25/25_01_01_01_long_angry.wav,angry
data/training/Actor_25/25_01_01_01_hole_angry.wav,angry
data/training/Actor_25/25_01_01_01_pearl_angry.wav,angry
data/training/Actor_25/25_01_01_01_sell_angry.wav,angry
data/training/Actor_25/25_01_01_01_kick_angry.wav,angry
data/training/Actor_25/25_01_01_01_tell_angry.wav,angry
data/training/Actor_25/25_01_01_01_page_angry.wav,angry
data/training/Actor_25/25_01_01_01_jar_angry.wav,angry
data/training/Actor_25/25_01_01_01_goal_angry.wav,angry
data/training/Actor_25/25_01_01_01_nice_angry.wav,angry
data/training/Actor_25/25_01_01_01_gin_angry.wav,angry
data/training/Actor_25/25_01_01_01_vine_angry.wav,angry
data/training/Actor_25/25_01_01_01_moon_angry.wav,angry
data/training/Actor_25/25_01_01_01_fat_angry.wav,angry
data/training/Actor_25/25_01_01_01_kill_angry.wav,angry
data/training/Actor_25/25_01_01_01_time_angry.wav,angry
data/training/Actor_25/25_01_01_01_hate_angry.wav,angry
data/training/Actor_25/25_01_01_01_wife_angry.wav,angry
data/training/Actor_25/25_01_01_01_good_angry.wav,angry
data/training/Actor_25/25_01_01_01_walk_angry.wav,angry
data/training/Actor_25/25_01_01_01_sour_angry.wav,angry
data/training/Actor_25/25_01_01_01_gap_angry.wav,angry
data/training/Actor_25/25_01_01_01_third_angry.wav,angry
data/training/Actor_25/25_01_01_01_half_angry.wav,angry
data/training/Actor_25/25_01_01_01_keep_angry.wav,angry
data/training/Actor_25/25_01_01_01_tip_angry.wav,angry
data/training/Actor_25/25_01_01_01_week_angry.wav,angry
data/training/Actor_25/25_01_01_01_pike_angry.wav,angry
data/training/Actor_25/25_01_01_01_thin_angry.wav,angry
data/training/Actor_25/25_01_01_01_thumb_angry.wav,angry
data/training/Actor_25/25_01_01_01_whip_angry.wav,angry
data/training/Actor_25/25_01_01_01_learn_angry.wav,angry
data/training/Actor_25/25_01_01_01_mob_angry.wav,angry
data/training/Actor_25/25_01_01_01_numb_angry.wav,angry
data/training/Actor_25/25_01_01_01_pick_angry.wav,angry
data/training/Actor_25/25_01_01_01_perch_angry.wav,angry
data/training/Actor_25/25_01_01_01_turn_angry.wav,angry
data/training/Actor_25/25_01_01_01_near_angry.wav,angry
data/training/Actor_25/25_01_01_01_rag_angry.wav,angry
data/training/Actor_25/25_01_01_01_ton_angry.wav,angry
data/training/Actor_25/25_01_01_01_haze_angry.wav,angry
data/training/Actor_25/25_01_01_01_shout_angry.wav,angry
data/training/Actor_25/25_01_01_01_tough_angry.wav,angry
data/training/Actor_25/25_01_01_01_wheat_angry.wav,angry
data/training/Actor_25/25_01_01_01_thought_angry.wav,angry
data/training/Actor_25/25_01_01_01_yes_angry.wav,angry
data/training/Actor_25/25_01_01_01_yearn_angry.wav,angry
data/training/Actor_25/25_01_01_01_pad_angry.wav,angry
data/training/Actor_25/25_01_01_01_lore_angry.wav,angry
data/training/Actor_25/25_01_01_01_soap_angry.wav,angry
data/training/Actor_25/25_01_01_01_mode_angry.wav,angry
data/training/Actor_25/25_01_01_01_late_angry.wav,angry
data/training/Actor_25/25_01_01_01_pain_angry.wav,angry
data/training/Actor_25/25_01_01_01_neat_angry.wav,angry
data/training/Actor_25/25_01_01_01_shirt_angry.wav,angry
data/training/Actor_25/25_01_01_01_ripe_angry.wav,angry
data/training/Actor_25/25_01_01_01_note_angry.wav,angry
data/training/Actor_25/25_01_01_01_witch_angry.wav,angry
data/training/Actor_25/25_01_01_01_wag_angry.wav,angry
data/training/Actor_25/25_01_01_01_sub_angry.wav,angry
data/training/Actor_25/25_01_01_01_hit_angry.wav,angry
data/training/Actor_25/25_01_01_01_sheep_angry.wav,angry
data/training/Actor_25/25_01_01_01_join_angry.wav,angry
data/training/Actor_25/25_01_01_01_room_angry.wav,angry
data/training/Actor_25/25_01_01_01_vote_angry.wav,angry
data/training/Actor_25/25_01_01_01_sure_angry.wav,angry
data/training/Actor_25/25_01_01_01_south_angry.wav,angry
data/training/Actor_25/25_01_01_01_life_angry.wav,angry
data/training/Actor_25/25_01_01_01_merge_angry.wav,angry
data/training/Actor_25/25_01_01_01_gas_angry.wav,angry
data/training/Actor_25/25_01_01_01_mess_angry.wav,angry
data/training/Actor_25/25_01_01_01_match_angry.wav,angry
data/training/Actor_25/25_01_01_01_knock_angry.wav,angry
data/training/Actor_25/25_01_01_01_talk_angry.wav,angry
data/training/Actor_25/25_01_01_01_voice_angry.wav,angry
data/training/Actor_25/25_01_01_01_pass_angry.wav,angry
data/training/Actor_25/25_01_01_01_tire_angry.wav,angry
data/training/Actor_25/25_01_01_01_peg_angry.wav,angry
data/training/Actor_25/25_01_01_01_young_angry.wav,angry
data/training/Actor_25/25_01_01_01_lid_angry.wav,angry
data/training/Actor_25/25_01_01_01_red_angry.wav,angry
data/training/Actor_25/25_01_01_01_youth_angry.wav,angry
data/training/Actor_25/25_01_01_01_lean_angry.wav,angry
data/training/Actor_25/25_01_01_01_puff_angry.wav,angry
data/training/Actor_25/25_01_01_01_white_angry.wav,angry
data/training/Actor_25/25_01_01_01_hurl_angry.wav,angry
data/training/Actor_25/25_01_01_01_jail_angry.wav,angry
data/training/Actor_25/25_01_01_01_tool_angry.wav,angry
data/training/Actor_25/25_01_01_01_hush_angry.wav,angry
data/training/Actor_25/25_01_01_01_mop_angry.wav,angry
data/training/Actor_25/25_01_01_01_size_angry.wav,angry
data/training/Actor_25/25_01_01_01_sail_angry.wav,angry
data/training/Actor_25/25_01_01_01_nag_angry.wav,angry
data/training/Actor_25/25_01_01_01_such_angry.wav,angry
data/training/Actor_25/25_01_01_01_road_angry.wav,angry
data/training/Actor_25/25_01_01_01_lot_angry.wav,angry
data/training/Actor_25/25_01_01_01_soup_angry.wav,angry
data/training/Actor_25/25_01_01_01_home_angry.wav,angry
data/training/Actor_22/22_01_02_01_kids-talking_angry.wav,angry
data/training/Actor_22/03-02-05-02-02-01-22_angry.wav,angry
data/training/Actor_22/03-02-05-01-02-01-22_angry.wav,angry
data/training/Actor_22/22_01_02_02_kids-talking_angry.wav,angry
data/training/Actor_22/03-02-05-01-01-02-22_angry.wav,angry
data/training/Actor_22/22_01_02_02_dogs-sitting_angry.wav,angry
data/training/Actor_22/22_01_02_01_dogs-sitting_angry.wav,angry
data/training/Actor_22/03-02-05-02-01-02-22_angry.wav,angry
data/training/Actor_22/03-02-05-01-01-01-22_angry.wav,angry
data/training/Actor_22/22_01_01_02_kids-talking_angry.wav,angry
data/training/Actor_22/22_01_01_01_kids-talking_angry.wav,angry
data/training/Actor_22/03-02-05-02-01-01-22_angry.wav,angry
data/training/Actor_22/22_01_01_01_dogs-sitting_angry.wav,angry
data/training/Actor_22/03-02-05-02-02-02-22_angry.wav,angry
data/training/Actor_22/03-02-05-01-02-02-22_angry.wav,angry
data/training/Actor_22/22_01_01_02_dogs-sitting_angry.wav,angry
data/training/Actor_14/14_02_02_02_kids-talking_angry.wav,angry
data/training/Actor_14/03-02-05-02-02-02-14_angry.wav,angry
data/training/Actor_14/03-02-05-01-02-02-14_angry.wav,angry
data/training/Actor_14/14_02_02_01_kids-talking_angry.wav,angry
data/training/Actor_14/03-02-05-01-01-01-14_angry.wav,angry
data/training/Actor_14/14_02_02_01_dogs-sitting_angry.wav,angry
data/training/Actor_14/14_02_02_02_dogs-sitting_angry.wav,angry
data/training/Actor_14/03-02-05-02-01-01-14_angry.wav,angry
data/training/Actor_14/03-02-05-01-01-02-14_angry.wav,angry
data/training/Actor_14/14_02_01_01_kids-talking_angry.wav,angry
data/training/Actor_14/14_02_01_02_kids-talking_angry.wav,angry
data/training/Actor_14/03-02-05-02-01-02-14_angry.wav,angry
data/training/Actor_14/14_02_01_02_dogs-sitting_angry.wav,angry
data/training/Actor_14/03-02-05-02-02-01-14_angry.wav,angry
data/training/Actor_14/03-02-05-01-02-01-14_angry.wav,angry
data/training/Actor_14/14_02_01_01_dogs-sitting_angry.wav,angry
data/training/Actor_13/13_01_01_01_kids-talking_angry.wav,angry
data/training/Actor_13/13_02_01_02_kids-talking_angry.wav,angry
data/training/Actor_13/03-02-05-02-01-01-13_angry.wav,angry
data/training/Actor_13/03-02-05-01-01-01-13_angry.wav,angry
data/training/Actor_13/13_02_01_01_kids-talking_angry.wav,angry
data/training/Actor_13/13_01_01_02_kids-talking_angry.wav,angry
data/training/Actor_13/03-02-05-01-02-02-13_angry.wav,angry
data/training/Actor_13/13_01_01_02_dogs-sitting_angry.wav,angry
data/training/Actor_13/13_02_01_01_dogs-sitting_angry.wav,angry
data/training/Actor_13/13_02_01_02_dogs-sitting_angry.wav,angry
data/training/Actor_13/13_01_01_01_dogs-sitting_angry.wav,angry
data/training/Actor_13/03-02-05-02-02-02-13_angry.wav,angry
data/training/Actor_13/13_01_02_02_kids-talking_angry.wav,angry
data/training/Actor_13/13_02_02_01_kids-talking_angry.wav,angry
data/training/Actor_13/03-02-05-01-02-01-13_angry.wav,angry
data/training/Actor_13/13_02_02_02_kids-talking_angry.wav,angry
data/training/Actor_13/13_01_02_01_kids-talking_angry.wav,angry
data/training/Actor_13/03-02-05-02-02-01-13_angry.wav,angry
data/training/Actor_13/13_01_02_01_dogs-sitting_angry.wav,angry
data/training/Actor_13/13_02_02_02_dogs-sitting_angry.wav,angry
data/training/Actor_13/03-02-05-02-01-02-13_angry.wav,angry
data/training/Actor_13/13_02_02_01_dogs-sitting_angry.wav,angry
data/training/Actor_13/13_01_02_02_dogs-sitting_angry.wav,angry
data/training/Actor_13/03-02-05-01-01-02-13_angry.wav,angry
data/training/Actor_09/09_02_01_01_kids-talking_angry.wav,angry
data/training/Actor_09/09_01_01_02_kids-talking_angry.wav,angry
data/training/Actor_09/09_01_01_01_kids-talking_angry.wav,angry
data/training/Actor_09/09_02_01_02_kids-talking_angry.wav,angry
data/training/Actor_09/09_02_01_02_dogs-sitting_angry.wav,angry
data/training/Actor_09/09_01_01_01_dogs-sitting_angry.wav,angry
data/training/Actor_09/09_01_01_02_dogs-sitting_angry.wav,angry
data/training/Actor_09/09_02_01_01_dogs-sitting_angry.wav,angry
data/training/Actor_09/09_02_02_02_kids-talking_angry.wav,angry
data/training/Actor_09/09_01_02_01_kids-talking_angry.wav,angry
data/training/Actor_09/09_01_02_02_kids-talking_angry.wav,angry
data/training/Actor_09/09_02_02_01_kids-talking_angry.wav,angry
data/training/Actor_09/09_02_02_01_dogs-sitting_angry.wav,angry
data/training/Actor_09/09_01_02_02_dogs-sitting_angry.wav,angry
data/training/Actor_09/09_01_02_01_dogs-sitting_angry.wav,angry
data/training/Actor_09/09_02_02_02_dogs-sitting_angry.wav,angry
data/training/Actor_07/07_02_01_02_dogs-sitting_angry.wav,angry
data/training/Actor_07/07_01_01_01_dogs-sitting_angry.wav,angry
data/training/Actor_07/07_01_01_02_dogs-sitting_angry.wav,angry
data/training/Actor_07/07_02_01_01_dogs-sitting_angry.wav,angry
data/training/Actor_07/07_02_01_01_kids-talking_angry.wav,angry
data/training/Actor_07/07_01_01_02_kids-talking_angry.wav,angry
data/training/Actor_07/07_01_01_01_kids-talking_angry.wav,angry
data/training/Actor_07/07_02_01_02_kids-talking_angry.wav,angry
data/training/Actor_07/07_02_02_01_dogs-sitting_angry.wav,angry
data/training/Actor_07/07_01_02_02_dogs-sitting_angry.wav,angry
data/training/Actor_07/07_01_02_01_dogs-sitting_angry.wav,angry
data/training/Actor_07/07_02_02_02_dogs-sitting_angry.wav,angry
data/training/Actor_07/07_02_02_02_kids-talking_angry.wav,angry
data/training/Actor_07/07_01_02_01_kids-talking_angry.wav,angry
data/training/Actor_07/07_01_02_02_kids-talking_angry.wav,angry
data/training/Actor_07/07_02_02_01_kids-talking_angry.wav,angry
data/training/Actor_06/03-02-05-01-02-02-06_angry.wav,angry
data/training/Actor_06/06_02_02_02_kids-talking_angry.wav,angry
data/training/Actor_06/06_01_02_01_kids-talking_angry.wav,angry
data/training/Actor_06/06_01_02_02_kids-talking_angry.wav,angry
data/training/Actor_06/06_02_02_01_kids-talking_angry.wav,angry
data/training/Actor_06/03-02-05-02-02-02-06_angry.wav,angry
data/training/Actor_06/06_02_02_01_dogs-sitting_angry.wav,angry
data/training/Actor_06/06_01_02_02_dogs-sitting_angry.wav,angry
data/training/Actor_06/03-02-05-02-01-01-06_angry.wav,angry
data/training/Actor_06/03-02-05-01-01-01-06_angry.wav,angry
data/training/Actor_06/06_01_02_01_dogs-sitting_angry.wav,angry
data/training/Actor_06/06_02_02_02_dogs-sitting_angry.wav,angry
data/training/Actor_06/06_02_01_01_kids-talking_angry.wav,angry
data/training/Actor_06/06_01_01_02_kids-talking_angry.wav,angry
data/training/Actor_06/03-02-05-02-01-02-06_angry.wav,angry
data/training/Actor_06/03-02-05-01-01-02-06_angry.wav,angry
data/training/Actor_06/06_01_01_01_kids-talking_angry.wav,angry
data/training/Actor_06/06_02_01_02_kids-talking_angry.wav,angry
data/training/Actor_06/03-02-05-01-02-01-06_angry.wav,angry
data/training/Actor_06/06_02_01_02_dogs-sitting_angry.wav,angry
data/training/Actor_06/06_01_01_01_dogs-sitting_angry.wav,angry
data/training/Actor_06/06_01_01_02_dogs-sitting_angry.wav,angry
data/training/Actor_06/06_02_01_01_dogs-sitting_angry.wav,angry
data/training/Actor_06/03-02-05-02-02-01-06_angry.wav,angry
data/training/Actor_01/01_01_01_01_kids-talking_angry.wav,angry
data/training/Actor_01/01_02_01_02_kids-talking_angry.wav,angry
data/training/Actor_01/03-02-05-01-01-01-01_angry.wav,angry
data/training/Actor_01/01_02_01_01_kids-talking_angry.wav,angry
data/training/Actor_01/01_01_01_02_kids-talking_angry.wav,angry
data/training/Actor_01/03-02-05-02-01-01-01_angry.wav,angry
data/training/Actor_01/01_01_01_02_dogs-sitting_angry.wav,angry
data/training/Actor_01/01_02_01_01_dogs-sitting_angry.wav,angry
data/training/Actor_01/03-02-05-02-02-02-01_angry.wav,angry
data/training/Actor_01/03-02-05-01-02-02-01_angry.wav,angry
data/training/Actor_01/01_02_01_02_dogs-sitting_angry.wav,angry
data/training/Actor_01/01_01_02_02_kids-talking_angry.wav,angry
data/training/Actor_01/01_02_02_01_kids-talking_angry.wav,angry
data/training/Actor_01/03-02-05-02-02-01-01_angry.wav,angry
data/training/Actor_01/03-02-05-01-02-01-01_angry.wav,angry
data/training/Actor_01/01_02_02_02_kids-talking_angry.wav,angry
data/training/Actor_01/01_01_02_01_kids-talking_angry.wav,angry
data/training/Actor_01/03-02-05-01-01-02-01_angry.wav,angry
data/training/Actor_01/01_01_02_01_dogs-sitting_angry.wav,angry
data/training/Actor_01/01_02_02_02_dogs-sitting_angry.wav,angry
data/training/Actor_01/01_02_02_01_dogs-sitting_angry.wav,angry
data/training/Actor_01/01_01_02_02_dogs-sitting_angry.wav,angry
data/training/Actor_01/03-02-05-02-01-02-01_angry.wav,angry
data/training/Actor_08/08_02_02_01_dogs-sitting_angry.wav,angry
data/training/Actor_08/08_01_02_02_dogs-sitting_angry.wav,angry
data/training/Actor_08/08_01_02_01_dogs-sitting_angry.wav,angry
data/training/Actor_08/08_02_02_02_dogs-sitting_angry.wav,angry
data/training/Actor_08/08_02_02_02_kids-talking_angry.wav,angry
data/training/Actor_08/08_01_02_01_kids-talking_angry.wav,angry
data/training/Actor_08/08_01_02_02_kids-talking_angry.wav,angry
data/training/Actor_08/08_02_02_01_kids-talking_angry.wav,angry
data/training/Actor_08/08_02_01_02_dogs-sitting_angry.wav,angry
data/training/Actor_08/08_01_01_01_dogs-sitting_angry.wav,angry
data/training/Actor_08/08_01_01_02_dogs-sitting_angry.wav,angry
data/training/Actor_08/08_02_01_01_dogs-sitting_angry.wav,angry
data/training/Actor_08/08_02_01_01_kids-talking_angry.wav,angry
data/training/Actor_08/08_01_01_02_kids-talking_angry.wav,angry
data/training/Actor_08/08_01_01_01_kids-talking_angry.wav,angry
data/training/Actor_08/08_02_01_02_kids-talking_angry.wav,angry
data/training/Actor_16/16_02_02_01_dogs-sitting_fear.wav,fear
data/training/Actor_16/16_02_01_02_dogs-sitting_fear.wav,fear
data/training/Actor_16/03-02-06-02-01-02-16_fear.wav,fear
data/training/Actor_16/03-02-06-01-01-01-16_fear.wav,fear
data/training/Actor_16/03-02-06-01-02-02-16_fear.wav,fear
data/training/Actor_16/03-02-06-02-02-01-16_fear.wav,fear
data/training/Actor_16/03-02-06-02-02-02-16_fear.wav,fear
data/training/Actor_16/03-02-06-01-02-01-16_fear.wav,fear
data/training/Actor_16/16_02_01_01_kids-talking_fear.wav,fear
data/training/Actor_16/03-02-06-01-01-02-16_fear.wav,fear
data/training/Actor_16/16_02_02_02_kids-talking_fear.wav,fear
data/training/Actor_16/03-02-06-02-01-01-16_fear.wav,fear
data/training/Actor_16/16_02_01_01_dogs-sitting_fear.wav,fear
data/training/Actor_16/16_02_02_02_dogs-sitting_fear.wav,fear
data/training/Actor_16/16_02_02_01_kids-talking_fear.wav,fear
data/training/Actor_16/16_02_01_02_kids-talking_fear.wav,fear
data/training/Actor_11/11_01_01_01_dogs-sitting_fear.wav,fear
data/training/Actor_11/11_01_02_02_dogs-sitting_fear.wav,fear
data/training/Actor_11/03-02-06-01-01-02-11_fear.wav,fear
data/training/Actor_11/03-02-06-02-01-01-11_fear.wav,fear
data/training/Actor_11/11_02_01_01_kids-talking_fear.wav,fear
data/training/Actor_11/03-02-06-02-02-02-11_fear.wav,fear
data/training/Actor_11/11_02_02_02_kids-talking_fear.wav,fear
data/training/Actor_11/03-02-06-01-02-01-11_fear.wav,fear
data/training/Actor_11/03-02-06-01-02-02-11_fear.wav,fear
data/training/Actor_11/11_02_02_01_dogs-sitting_fear.wav,fear
data/training/Actor_11/11_02_01_02_dogs-sitting_fear.wav,fear
data/training/Actor_11/03-02-06-02-02-01-11_fear.wav,fear
data/training/Actor_11/11_01_02_01_kids-talking_fear.wav,fear
data/training/Actor_11/03-02-06-02-01-02-11_fear.wav,fear
data/training/Actor_11/11_01_01_02_kids-talking_fear.wav,fear
data/training/Actor_11/03-02-06-01-01-01-11_fear.wav,fear
data/training/Actor_11/11_02_02_01_kids-talking_fear.wav,fear
data/training/Actor_11/11_02_01_02_kids-talking_fear.wav,fear
data/training/Actor_11/11_01_02_01_dogs-sitting_fear.wav,fear
data/training/Actor_11/11_01_01_02_dogs-sitting_fear.wav,fear
data/training/Actor_11/11_01_01_01_kids-talking_fear.wav,fear
data/training/Actor_11/11_01_02_02_kids-talking_fear.wav,fear
data/training/Actor_11/11_02_01_01_dogs-sitting_fear.wav,fear
data/training/Actor_11/11_02_02_02_dogs-sitting_fear.wav,fear
data/training/Actor_18/18_01_01_01_kids-talking_fear.wav,fear
data/training/Actor_18/18_01_02_02_kids-talking_fear.wav,fear
data/training/Actor_18/18_01_02_01_dogs-sitting_fear.wav,fear
data/training/Actor_18/18_01_01_02_dogs-sitting_fear.wav,fear
data/training/Actor_18/18_01_02_01_kids-talking_fear.wav,fear
data/training/Actor_18/18_01_01_02_kids-talking_fear.wav,fear
data/training/Actor_18/18_01_01_01_dogs-sitting_fear.wav,fear
data/training/Actor_18/18_01_02_02_dogs-sitting_fear.wav,fear
data/training/Actor_20/20_01_02_02_dogs-sitting_fear.wav,fear
data/training/Actor_20/20_01_01_01_dogs-sitting_fear.wav,fear
data/training/Actor_20/20_01_01_02_kids-talking_fear.wav,fear
data/training/Actor_20/20_01_02_01_kids-talking_fear.wav,fear
data/training/Actor_20/03-02-06-01-02-02-20_fear.wav,fear
data/training/Actor_20/20_01_01_02_dogs-sitting_fear.wav,fear
data/training/Actor_20/03-02-06-02-02-01-20_fear.wav,fear
data/training/Actor_20/20_01_02_01_dogs-sitting_fear.wav,fear
data/training/Actor_20/03-02-06-02-01-02-20_fear.wav,fear
data/training/Actor_20/03-02-06-01-01-01-20_fear.wav,fear
data/training/Actor_20/03-02-06-01-01-02-20_fear.wav,fear
data/training/Actor_20/03-02-06-02-01-01-20_fear.wav,fear
data/training/Actor_20/03-02-06-02-02-02-20_fear.wav,fear
data/training/Actor_20/03-02-06-01-02-01-20_fear.wav,fear
data/training/Actor_20/20_01_02_02_kids-talking_fear.wav,fear
data/training/Actor_20/20_01_01_01_kids-talking_fear.wav,fear
data/training/Actor_21/21_01_02_01_kids-talking_fear.wav,fear
data/training/Actor_21/21_01_01_02_kids-talking_fear.wav,fear
data/training/Actor_21/21_01_01_01_dogs-sitting_fear.wav,fear
data/training/Actor_21/21_01_02_02_dogs-sitting_fear.wav,fear
data/training/Actor_21/03-02-06-01-02-02-21_fear.wav,fear
data/training/Actor_21/03-02-06-02-02-01-21_fear.wav,fear
data/training/Actor_21/03-02-06-02-01-02-21_fear.wav,fear
data/training/Actor_21/21_01_01_01_kids-talking_fear.wav,fear
data/training/Actor_21/03-02-06-01-01-01-21_fear.wav,fear
data/training/Actor_21/21_01_02_02_kids-talking_fear.wav,fear
data/training/Actor_21/03-02-06-01-01-02-21_fear.wav,fear
data/training/Actor_21/21_01_02_01_dogs-sitting_fear.wav,fear
data/training/Actor_21/21_01_01_02_dogs-sitting_fear.wav,fear
data/training/Actor_21/03-02-06-02-01-01-21_fear.wav,fear
data/training/Actor_21/03-02-06-02-02-02-21_fear.wav,fear
data/training/Actor_21/03-02-06-01-02-01-21_fear.wav,fear
data/training/Actor_26/26_01_01_01_doll_fear.wav,fear
data/training/Actor_26/26_01_01_01_death_fear.wav,fear
data/training/Actor_26/26_01_01_01_seize_fear.wav,fear
data/training/Actor_26/26_01_01_01_chain_fear.wav,fear
data/training/Actor_26/26_01_01_01_calm_fear.wav,fear
data/training/Actor_26/26_01_01_01_keep_fear.wav,fear
data/training/Actor_26/26_01_01_01_dodge_fear.wav,fear
data/training/Actor_26/26_01_01_01_shawl_fear.wav,fear
data/training/Actor_26/26_01_01_01_raise_fear.wav,fear
data/training/Actor_26/26_01_01_01_cheek_fear.wav,fear
data/training/Actor_26/26_01_01_01_pool_fear.wav,fear
data/training/Actor_26/26_01_01_01_good_fear.wav,fear
data/training/Actor_26/26_01_01_01_said_fear.wav,fear
data/training/Actor_26/26_01_01_01_size_fear.wav,fear
data/training/Actor_26/26_01_01_01_king_fear.wav,fear
data/training/Actor_26/26_01_01_01_tire_fear.wav,fear
data/training/Actor_26/26_01_01_01_hush_fear.wav,fear
data/training/Actor_26/26_01_01_01_rat_fear.wav,fear
data/training/Actor_26/26_01_01_01_shack_fear.wav,fear
data/training/Actor_26/26_01_01_01_make_fear.wav,fear
data/training/Actor_26/26_01_01_01_rush_fear.wav,fear
data/training/Actor_26/26_01_01_01_far_fear.wav,fear
data/training/Actor_26/26_01_01_01_witch_fear.wav,fear
data/training/Actor_26/26_01_01_01_germ_fear.wav,fear
data/training/Actor_26/26_01_01_01_lid_fear.wav,fear
data/training/Actor_26/26_01_01_01_shout_fear.wav,fear
data/training/Actor_26/26_01_01_01_reach_fear.wav,fear
data/training/Actor_26/26_01_01_01_team_fear.wav,fear
data/training/Actor_26/26_01_01_01_five_fear.wav,fear
data/training/Actor_26/26_01_01_01_nag_fear.wav,fear
data/training/Actor_26/26_01_01_01_vote_fear.wav,fear
data/training/Actor_26/26_01_01_01_met_fear.wav,fear
data/training/Actor_26/26_01_01_01_dip_fear.wav,fear
data/training/Actor_26/26_01_01_01_puff_fear.wav,fear
data/training/Actor_26/26_01_01_01_wife_fear.wav,fear
data/training/Actor_26/26_01_01_01_yes_fear.wav,fear
data/training/Actor_26/26_01_01_01_near_fear.wav,fear
data/training/Actor_26/26_01_01_01_gap_fear.wav,fear
data/training/Actor_26/26_01_01_01_chalk_fear.wav,fear
data/training/Actor_26/26_01_01_01_keen_fear.wav,fear
data/training/Actor_26/26_01_01_01_long_fear.wav,fear
data/training/Actor_26/26_01_01_01_juice_fear.wav,fear
data/training/Actor_26/26_01_01_01_thought_fear.wav,fear
data/training/Actor_26/26_01_01_01_mess_fear.wav,fear
data/training/Actor_26/26_01_01_01_beg_fear.wav,fear
data/training/Actor_26/26_01_01_01_tell_fear.wav,fear
data/training/Actor_26/26_01_01_01_dime_fear.wav,fear
data/training/Actor_26/26_01_01_01_soap_fear.wav,fear
data/training/Actor_26/26_01_01_01_check_fear.wav,fear
data/training/Actor_26/26_01_01_01_thumb_fear.wav,fear
data/training/Actor_26/26_01_01_01_whip_fear.wav,fear
data/training/Actor_26/26_01_01_01_lore_fear.wav,fear
data/training/Actor_26/26_01_01_01_cool_fear.wav,fear
data/training/Actor_26/26_01_01_01_fall_fear.wav,fear
data/training/Actor_26/26_01_01_01_kite_fear.wav,fear
data/training/Actor_26/26_01_01_01_mode_fear.wav,fear
data/training/Actor_26/26_01_01_01_get_fear.wav,fear
data/training/Actor_26/26_01_01_01_date_fear.wav,fear
data/training/Actor_26/26_01_01_01_fat_fear.wav,fear
data/training/Actor_26/26_01_01_01_goose_fear.wav,fear
data/training/Actor_26/26_01_01_01_gun_fear.wav,fear
data/training/Actor_26/26_01_01_01_live_fear.wav,fear
data/training/Actor_26/26_01_01_01_back_fear.wav,fear
data/training/Actor_26/26_01_01_01_hit_fear.wav,fear
data/training/Actor_26/26_01_01_01_neat_fear.wav,fear
data/training/Actor_26/26_01_01_01_turn_fear.wav,fear
data/training/Actor_26/26_01_01_01_when_fear.wav,fear
data/training/Actor_26/26_01_01_01_deep_fear.wav,fear
data/training/Actor_26/26_01_01_01_sub_fear.wav,fear
data/training/Actor_26/26_01_01_01_wag_fear.wav,fear
data/training/Actor_26/26_01_01_01_ring_fear.wav,fear
data/training/Actor_26/26_01_01_01_take_fear.wav,fear
data/training/Actor_26/26_01_01_01_wire_fear.wav,fear
data/training/Actor_26/26_01_01_01_hate_fear.wav,fear
data/training/Actor_26/26_01_01_01_ditch_fear.wav,fear
data/training/Actor_26/26_01_01_01_base_fear.wav,fear
data/training/Actor_26/26_01_01_01_lean_fear.wav,fear
data/training/Actor_26/26_01_01_01_vine_fear.wav,fear
data/training/Actor_26/26_01_01_01_pass_fear.wav,fear
data/training/Actor_26/26_01_01_01_hire_fear.wav,fear
data/training/Actor_26/26_01_01_01_time_fear.wav,fear
data/training/Actor_26/26_01_01_01_moon_fear.wav,fear
data/training/Actor_26/26_01_01_01_rag_fear.wav,fear
data/training/Actor_26/26_01_01_01_third_fear.wav,fear
data/training/Actor_26/26_01_01_01_goal_fear.wav,fear
data/training/Actor_26/26_01_01_01_numb_fear.wav,fear
data/training/Actor_26/26_01_01_01_pain_fear.wav,fear
data/training/Actor_26/26_01_01_01_wash_fear.wav,fear
data/training/Actor_26/26_01_01_01_sheep_fear.wav,fear
data/training/Actor_26/26_01_01_01_name_fear.wav,fear
data/training/Actor_26/26_01_01_01_soup_fear.wav,fear
data/training/Actor_26/26_01_01_01_such_fear.wav,fear
data/training/Actor_26/26_01_01_01_kick_fear.wav,fear
data/training/Actor_26/26_01_01_01_pole_fear.wav,fear
data/training/Actor_26/26_01_01_01_thin_fear.wav,fear
data/training/Actor_26/26_01_01_01_lose_fear.wav,fear
data/training/Actor_26/26_01_01_01_hash_fear.wav,fear
data/training/Actor_26/26_01_01_01_mood_fear.wav,fear
data/training/Actor_26/26_01_01_01_bath_fear.wav,fear
data/training/Actor_26/26_01_01_01_which_fear.wav,fear
data/training/Actor_26/26_01_01_01_match_fear.wav,fear
data/training/Actor_26/26_01_01_01_red_fear.wav,fear
data/training/Actor_26/26_01_01_01_judge_fear.wav,fear
data/training/Actor_26/26_01_01_01_hole_fear.wav,fear
data/training/Actor_26/26_01_01_01_gas_fear.wav,fear
data/training/Actor_26/26_01_01_01_kill_fear.wav,fear
data/training/Actor_26/26_01_01_01_lease_fear.wav,fear
data/training/Actor_26/26_01_01_01_bean_fear.wav,fear
data/training/Actor_26/26_01_01_01_knock_fear.wav,fear
data/training/Actor_26/26_01_01_01_south_fear.wav,fear
data/training/Actor_26/26_01_01_01_peg_fear.wav,fear
data/training/Actor_26/26_01_01_01_mop_fear.wav,fear
data/training/Actor_26/26_01_01_01_white_fear.wav,fear
data/training/Actor_26/26_01_01_01_hurl_fear.wav,fear
data/training/Actor_26/26_01_01_01_nice_fear.wav,fear
data/training/Actor_26/26_01_01_01_rough_fear.wav,fear
data/training/Actor_26/26_01_01_01_chair_fear.wav,fear
data/training/Actor_26/26_01_01_01_dab_fear.wav,fear
data/training/Actor_26/26_01_01_01_shirt_fear.wav,fear
data/training/Actor_26/26_01_01_01_pad_fear.wav,fear
data/training/Actor_26/26_01_01_01_week_fear.wav,fear
data/training/Actor_26/26_01_01_01_jar_fear.wav,fear
data/training/Actor_26/26_01_01_01_dog_fear.wav,fear
data/training/Actor_26/26_01_01_01_love_fear.wav,fear
data/training/Actor_26/26_01_01_01_tool_fear.wav,fear
data/training/Actor_26/26_01_01_01_mouse_fear.wav,fear
data/training/Actor_26/26_01_01_01_raid_fear.wav,fear
data/training/Actor_26/26_01_01_01_tough_fear.wav,fear
data/training/Actor_26/26_01_01_01_laud_fear.wav,fear
data/training/Actor_26/26_01_01_01_sure_fear.wav,fear
data/training/Actor_26/26_01_01_01_life_fear.wav,fear
data/training/Actor_26/26_01_01_01_young_fear.wav,fear
data/training/Actor_26/26_01_01_01_loaf_fear.wav,fear
data/training/Actor_26/26_01_01_01_road_fear.wav,fear
data/training/Actor_26/26_01_01_01_food_fear.wav,fear
data/training/Actor_26/26_01_01_01_fit_fear.wav,fear
data/training/Actor_26/26_01_01_01_rain_fear.wav,fear
data/training/Actor_26/26_01_01_01_bar_fear.wav,fear
data/training/Actor_26/26_01_01_01_tape_fear.wav,fear
data/training/Actor_26/26_01_01_01_join_fear.wav,fear
data/training/Actor_26/26_01_01_01_walk_fear.wav,fear
data/training/Actor_26/26_01_01_01_page_fear.wav,fear
data/training/Actor_26/26_01_01_01_pearl_fear.wav,fear
data/training/Actor_26/26_01_01_01_yearn_fear.wav,fear
data/training/Actor_26/26_01_01_01_haze_fear.wav,fear
data/training/Actor_26/26_01_01_01_sail_fear.wav,fear
data/training/Actor_26/26_01_01_01_keg_fear.wav,fear
data/training/Actor_26/26_01_01_01_phone_fear.wav,fear
data/training/Actor_26/26_01_01_01_home_fear.wav,fear
data/training/Actor_26/26_01_01_01_read_fear.wav,fear
data/training/Actor_26/26_01_01_01_choice_fear.wav,fear
data/training/Actor_26/26_01_01_01_chat_fear.wav,fear
data/training/Actor_26/26_01_01_01_sour_fear.wav,fear
data/training/Actor_26/26_01_01_01_sell_fear.wav,fear
data/training/Actor_26/26_01_01_01_mill_fear.wav,fear
data/training/Actor_26/26_01_01_01_mob_fear.wav,fear
data/training/Actor_26/26_01_01_01_talk_fear.wav,fear
data/training/Actor_26/26_01_01_01_half_fear.wav,fear
data/training/Actor_26/26_01_01_01_rose_fear.wav,fear
data/training/Actor_26/26_01_01_01_luck_fear.wav,fear
data/training/Actor_26/26_01_01_01_wheat_fear.wav,fear
data/training/Actor_26/26_01_01_01_ton_fear.wav,fear
data/training/Actor_26/26_01_01_01_pike_fear.wav,fear
data/training/Actor_26/26_01_01_01_learn_fear.wav,fear
data/training/Actor_26/26_01_01_01_note_fear.wav,fear
data/training/Actor_26/26_01_01_01_voice_fear.wav,fear
data/training/Actor_26/26_01_01_01_void_fear.wav,fear
data/training/Actor_26/26_01_01_01_room_fear.wav,fear
data/training/Actor_26/26_01_01_01_chief_fear.wav,fear
data/training/Actor_26/26_01_01_01_shall_fear.wav,fear
data/training/Actor_26/26_01_01_01_fail_fear.wav,fear
data/training/Actor_26/26_01_01_01_perch_fear.wav,fear
data/training/Actor_26/26_01_01_01_hall_fear.wav,fear
data/training/Actor_26/26_01_01_01_tip_fear.wav,fear
data/training/Actor_26/26_01_01_01_dead_fear.wav,fear
data/training/Actor_26/26_01_01_01_ripe_fear.wav,fear
data/training/Actor_26/26_01_01_01_gaze_fear.wav,fear
data/training/Actor_26/26_01_01_01_should_fear.wav,fear
data/training/Actor_26/26_01_01_01_have_fear.wav,fear
data/training/Actor_26/26_01_01_01_came_fear.wav,fear
data/training/Actor_26/26_01_01_01_cab_fear.wav,fear
data/training/Actor_26/26_01_01_01_late_fear.wav,fear
data/training/Actor_26/26_01_01_01_search_fear.wav,fear
data/training/Actor_26/26_01_01_01_lot_fear.wav,fear
data/training/Actor_26/26_01_01_01_limb_fear.wav,fear
data/training/Actor_26/26_01_01_01_jug_fear.wav,fear
data/training/Actor_26/26_01_01_01_door_fear.wav,fear
data/training/Actor_26/26_01_01_01_cause_fear.wav,fear
data/training/Actor_26/26_01_01_01_pick_fear.wav,fear
data/training/Actor_26/26_01_01_01_jail_fear.wav,fear
data/training/Actor_26/26_01_01_01_youth_fear.wav,fear
data/training/Actor_26/26_01_01_01_rot_fear.wav,fear
data/training/Actor_26/26_01_01_01_merge_fear.wav,fear
data/training/Actor_26/26_01_01_01_gin_fear.wav,fear
data/training/Actor_19/19_02_01_02_kids-talking_fear.wav,fear
data/training/Actor_19/19_02_02_01_kids-talking_fear.wav,fear
data/training/Actor_19/19_01_01_02_dogs-sitting_fear.wav,fear
data/training/Actor_19/19_01_02_01_dogs-sitting_fear.wav,fear
data/training/Actor_19/19_01_02_02_kids-talking_fear.wav,fear
data/training/Actor_19/19_01_01_01_kids-talking_fear.wav,fear
data/training/Actor_19/19_02_02_02_dogs-sitting_fear.wav,fear
data/training/Actor_19/19_02_01_01_dogs-sitting_fear.wav,fear
data/training/Actor_19/03-02-06-02-02-02-19_fear.wav,fear
data/training/Actor_19/19_01_02_02_dogs-sitting_fear.wav,fear
data/training/Actor_19/19_01_01_01_dogs-sitting_fear.wav,fear
data/training/Actor_19/03-02-06-01-02-01-19_fear.wav,fear
data/training/Actor_19/19_02_02_02_kids-talking_fear.wav,fear
data/training/Actor_19/19_02_01_01_kids-talking_fear.wav,fear
data/training/Actor_19/03-02-06-01-01-02-19_fear.wav,fear
data/training/Actor_19/03-02-06-02-01-01-19_fear.wav,fear
data/training/Actor_19/19_02_01_02_dogs-sitting_fear.wav,fear
data/training/Actor_19/19_02_02_01_dogs-sitting_fear.wav,fear
data/training/Actor_19/03-02-06-02-01-02-19_fear.wav,fear
data/training/Actor_19/03-02-06-01-01-01-19_fear.wav,fear
data/training/Actor_19/03-02-06-01-02-02-19_fear.wav,fear
data/training/Actor_19/19_01_01_02_kids-talking_fear.wav,fear
data/training/Actor_19/19_01_02_01_kids-talking_fear.wav,fear
data/training/Actor_19/03-02-06-02-02-01-19_fear.wav,fear
data/training/Actor_10/10_02_01_02_dogs-sitting_fear.wav,fear
data/training/Actor_10/10_02_02_01_dogs-sitting_fear.wav,fear
data/training/Actor_10/10_01_01_02_kids-talking_fear.wav,fear
data/training/Actor_10/10_01_02_01_kids-talking_fear.wav,fear
data/training/Actor_10/10_01_02_02_dogs-sitting_fear.wav,fear
data/training/Actor_10/10_01_01_01_dogs-sitting_fear.wav,fear
data/training/Actor_10/10_02_02_02_kids-talking_fear.wav,fear
data/training/Actor_10/10_02_01_01_kids-talking_fear.wav,fear
data/training/Actor_10/10_01_02_02_kids-talking_fear.wav,fear
data/training/Actor_10/10_01_01_01_kids-talking_fear.wav,fear
data/training/Actor_10/10_02_02_02_dogs-sitting_fear.wav,fear
data/training/Actor_10/10_02_01_01_dogs-sitting_fear.wav,fear
data/training/Actor_10/10_02_01_02_kids-talking_fear.wav,fear
data/training/Actor_10/10_02_02_01_kids-talking_fear.wav,fear
data/training/Actor_10/10_01_01_02_dogs-sitting_fear.wav,fear
data/training/Actor_10/10_01_02_01_dogs-sitting_fear.wav,fear
data/training/Actor_17/03-02-06-02-01-02-17_fear.wav,fear
data/training/Actor_17/03-02-06-01-01-01-17_fear.wav,fear
data/training/Actor_17/03-02-06-01-02-02-17_fear.wav,fear
data/training/Actor_17/17_02_02_02_kids-talking_fear.wav,fear
data/training/Actor_17/17_02_01_01_kids-talking_fear.wav,fear
data/training/Actor_17/03-02-06-02-02-01-17_fear.wav,fear
data/training/Actor_17/17_02_01_02_dogs-sitting_fear.wav,fear
data/training/Actor_17/03-02-06-02-02-02-17_fear.wav,fear
data/training/Actor_17/17_02_02_01_dogs-sitting_fear.wav,fear
data/training/Actor_17/03-02-06-01-02-01-17_fear.wav,fear
data/training/Actor_17/03-02-06-01-01-02-17_fear.wav,fear
data/training/Actor_17/03-02-06-02-01-01-17_fear.wav,fear
data/training/Actor_17/17_02_01_02_kids-talking_fear.wav,fear
data/training/Actor_17/17_02_02_01_kids-talking_fear.wav,fear
data/training/Actor_17/17_02_02_02_dogs-sitting_fear.wav,fear
data/training/Actor_17/17_02_01_01_dogs-sitting_fear.wav,fear
data/training/Actor_04/04_01_02_02_dogs-sitting_fear.wav,fear
data/training/Actor_04/04_01_01_01_dogs-sitting_fear.wav,fear
data/training/Actor_04/04_02_02_02_kids-talking_fear.wav,fear
data/training/Actor_04/04_02_01_01_kids-talking_fear.wav,fear
data/training/Actor_04/04_02_01_02_dogs-sitting_fear.wav,fear
data/training/Actor_04/04_02_02_01_dogs-sitting_fear.wav,fear
data/training/Actor_04/04_01_01_02_kids-talking_fear.wav,fear
data/training/Actor_04/04_01_02_01_kids-talking_fear.wav,fear
data/training/Actor_04/03-02-06-02-01-01-04_fear.wav,fear
data/training/Actor_04/04_02_01_02_kids-talking_fear.wav,fear
data/training/Actor_04/04_02_02_01_kids-talking_fear.wav,fear
data/training/Actor_04/03-02-06-01-01-02-04_fear.wav,fear
data/training/Actor_04/03-02-06-01-02-01-04_fear.wav,fear
data/training/Actor_04/03-02-06-02-02-02-04_fear.wav,fear
data/training/Actor_04/04_01_01_02_dogs-sitting_fear.wav,fear
data/training/Actor_04/04_01_02_01_dogs-sitting_fear.wav,fear
data/training/Actor_04/03-02-06-02-02-01-04_fear.wav,fear
data/training/Actor_04/03-02-06-01-02-02-04_fear.wav,fear
data/training/Actor_04/04_01_02_02_kids-talking_fear.wav,fear
data/training/Actor_04/04_01_01_01_kids-talking_fear.wav,fear
data/training/Actor_04/03-02-06-01-01-01-04_fear.wav,fear
data/training/Actor_04/04_02_02_02_dogs-sitting_fear.wav,fear
data/training/Actor_04/03-02-06-02-01-02-04_fear.wav,fear
data/training/Actor_04/04_02_01_01_dogs-sitting_fear.wav,fear
data/training/Actor_03/03_02_01_02_dogs-sitting_fear.wav,fear
data/training/Actor_03/03_02_02_01_dogs-sitting_fear.wav,fear
data/training/Actor_03/03_01_01_02_kids-talking_fear.wav,fear
data/training/Actor_03/03_01_02_01_kids-talking_fear.wav,fear
data/training/Actor_03/03_01_02_02_dogs-sitting_fear.wav,fear
data/training/Actor_03/03_01_01_01_dogs-sitting_fear.wav,fear
data/training/Actor_03/03_02_02_02_kids-talking_fear.wav,fear
data/training/Actor_03/03_02_01_01_kids-talking_fear.wav,fear
data/training/Actor_03/03-02-06-01-01-01-03_fear.wav,fear
data/training/Actor_03/03_01_02_02_kids-talking_fear.wav,fear
data/training/Actor_03/03_01_01_01_kids-talking_fear.wav,fear
data/training/Actor_03/03-02-06-02-01-02-03_fear.wav,fear
data/training/Actor_03/03-02-06-02-02-01-03_fear.wav,fear
data/training/Actor_03/03_02_02_02_dogs-sitting_fear.wav,fear
data/training/Actor_03/03-02-06-01-02-02-03_fear.wav,fear
data/training/Actor_03/03_02_01_01_dogs-sitting_fear.wav,fear
data/training/Actor_03/03-02-06-01-02-01-03_fear.wav,fear
data/training/Actor_03/03-02-06-02-02-02-03_fear.wav,fear
data/training/Actor_03/03_02_01_02_kids-talking_fear.wav,fear
data/training/Actor_03/03_02_02_01_kids-talking_fear.wav,fear
data/training/Actor_03/03-02-06-02-01-01-03_fear.wav,fear
data/training/Actor_03/03_01_01_02_dogs-sitting_fear.wav,fear
data/training/Actor_03/03_01_02_01_dogs-sitting_fear.wav,fear
data/training/Actor_03/03-02-06-01-01-02-03_fear.wav,fear
data/training/Actor_02/02_01_01_01_dogs-sitting_fear.wav,fear
data/training/Actor_02/02_01_02_02_dogs-sitting_fear.wav,fear
data/training/Actor_02/02_02_01_01_kids-talking_fear.wav,fear
data/training/Actor_02/02_02_02_02_kids-talking_fear.wav,fear
data/training/Actor_02/02_02_02_01_dogs-sitting_fear.wav,fear
data/training/Actor_02/02_02_01_02_dogs-sitting_fear.wav,fear
data/training/Actor_02/02_01_02_01_kids-talking_fear.wav,fear
data/training/Actor_02/02_01_01_02_kids-talking_fear.wav,fear
data/training/Actor_02/03-02-06-01-01-01-02_fear.wav,fear
data/training/Actor_02/02_02_02_01_kids-talking_fear.wav,fear
data/training/Actor_02/02_02_01_02_kids-talking_fear.wav,fear
data/training/Actor_02/03-02-06-02-01-02-02_fear.wav,fear
data/training/Actor_02/03-02-06-02-02-01-02_fear.wav,fear
data/training/Actor_02/03-02-06-01-02-02-02_fear.wav,fear
data/training/Actor_02/02_01_02_01_dogs-sitting_fear.wav,fear
data/training/Actor_02/02_01_01_02_dogs-sitting_fear.wav,fear
data/training/Actor_02/03-02-06-01-02-01-02_fear.wav,fear
data/training/Actor_02/02_01_01_01_kids-talking_fear.wav,fear
data/training/Actor_02/03-02-06-02-02-02-02_fear.wav,fear
data/training/Actor_02/02_01_02_02_kids-talking_fear.wav,fear
data/training/Actor_02/03-02-06-02-01-01-02_fear.wav,fear
data/training/Actor_02/02_02_01_01_dogs-sitting_fear.wav,fear
data/training/Actor_02/02_02_02_02_dogs-sitting_fear.wav,fear
data/training/Actor_02/03-02-06-01-01-02-02_fear.wav,fear
data/training/Actor_05/05_02_02_01_dogs-sitting_fear.wav,fear
data/training/Actor_05/05_02_01_02_dogs-sitting_fear.wav,fear
data/training/Actor_05/05_01_02_01_kids-talking_fear.wav,fear
data/training/Actor_05/05_01_01_02_kids-talking_fear.wav,fear
data/training/Actor_05/05_01_01_01_dogs-sitting_fear.wav,fear
data/training/Actor_05/05_01_02_02_dogs-sitting_fear.wav,fear
data/training/Actor_05/05_02_01_01_kids-talking_fear.wav,fear
data/training/Actor_05/05_02_02_02_kids-talking_fear.wav,fear
data/training/Actor_05/03-02-06-02-01-01-05_fear.wav,fear
data/training/Actor_05/05_01_01_01_kids-talking_fear.wav,fear
data/training/Actor_05/05_01_02_02_kids-talking_fear.wav,fear
data/training/Actor_05/03-02-06-01-01-02-05_fear.wav,fear
data/training/Actor_05/03-02-06-01-02-01-05_fear.wav,fear
data/training/Actor_05/03-02-06-02-02-02-05_fear.wav,fear
data/training/Actor_05/05_02_01_01_dogs-sitting_fear.wav,fear
data/training/Actor_05/05_02_02_02_dogs-sitting_fear.wav,fear
data/training/Actor_05/03-02-06-02-02-01-05_fear.wav,fear
data/training/Actor_05/03-02-06-01-02-02-05_fear.wav,fear
data/training/Actor_05/05_02_02_01_kids-talking_fear.wav,fear
data/training/Actor_05/05_02_01_02_kids-talking_fear.wav,fear
data/training/Actor_05/03-02-06-01-01-01-05_fear.wav,fear
data/training/Actor_05/05_01_02_01_dogs-sitting_fear.wav,fear
data/training/Actor_05/05_01_01_02_dogs-sitting_fear.wav,fear
data/training/Actor_05/03-02-06-02-01-02-05_fear.wav,fear
data/training/Actor_12/12_01_02_02_kids-talking_fear.wav,fear
data/training/Actor_12/12_01_01_01_kids-talking_fear.wav,fear
data/training/Actor_12/12_02_02_02_dogs-sitting_fear.wav,fear
data/training/Actor_12/12_02_01_01_dogs-sitting_fear.wav,fear
data/training/Actor_12/12_02_01_02_kids-talking_fear.wav,fear
data/training/Actor_12/12_02_02_01_kids-talking_fear.wav,fear
data/training/Actor_12/12_01_01_02_dogs-sitting_fear.wav,fear
data/training/Actor_12/12_01_02_01_dogs-sitting_fear.wav,fear
data/training/Actor_12/03-02-06-01-02-01-12_fear.wav,fear
data/training/Actor_12/12_02_01_02_dogs-sitting_fear.wav,fear
data/training/Actor_12/03-02-06-02-02-02-12_fear.wav,fear
data/training/Actor_12/12_02_02_01_dogs-sitting_fear.wav,fear
data/training/Actor_12/03-02-06-02-01-01-12_fear.wav,fear
data/training/Actor_12/12_01_01_02_kids-talking_fear.wav,fear
data/training/Actor_12/03-02-06-01-01-02-12_fear.wav,fear
data/training/Actor_12/12_01_02_01_kids-talking_fear.wav,fear
data/training/Actor_12/03-02-06-01-01-01-12_fear.wav,fear
data/training/Actor_12/12_01_02_02_dogs-sitting_fear.wav,fear
data/training/Actor_12/03-02-06-02-01-02-12_fear.wav,fear
data/training/Actor_12/12_01_01_01_dogs-sitting_fear.wav,fear
data/training/Actor_12/03-02-06-02-02-01-12_fear.wav,fear
data/training/Actor_12/12_02_02_02_kids-talking_fear.wav,fear
data/training/Actor_12/03-02-06-01-02-02-12_fear.wav,fear
data/training/Actor_12/12_02_01_01_kids-talking_fear.wav,fear
data/training/Actor_15/15_02_01_02_kids-talking_fear.wav,fear
data/training/Actor_15/15_02_02_01_kids-talking_fear.wav,fear
data/training/Actor_15/15_02_02_02_dogs-sitting_fear.wav,fear
data/training/Actor_15/15_02_01_01_dogs-sitting_fear.wav,fear
data/training/Actor_15/03-02-06-02-02-01-15_fear.wav,fear
data/training/Actor_15/03-02-06-01-02-02-15_fear.wav,fear
data/training/Actor_15/03-02-06-01-01-01-15_fear.wav,fear
data/training/Actor_15/15_02_02_02_kids-talking_fear.wav,fear
data/training/Actor_15/03-02-06-02-01-02-15_fear.wav,fear
data/training/Actor_15/15_02_01_01_kids-talking_fear.wav,fear
data/training/Actor_15/03-02-06-02-01-01-15_fear.wav,fear
data/training/Actor_15/15_02_01_02_dogs-sitting_fear.wav,fear
data/training/Actor_15/03-02-06-01-01-02-15_fear.wav,fear
data/training/Actor_15/15_02_02_01_dogs-sitting_fear.wav,fear
data/training/Actor_15/03-02-06-01-02-01-15_fear.wav,fear
data/training/Actor_15/03-02-06-02-02-02-15_fear.wav,fear
data/training/Actor_23/03-02-06-01-01-01-23_fear.wav,fear
data/training/Actor_23/03-02-06-02-01-02-23_fear.wav,fear
data/training/Actor_23/23_01_01_01_kids-talking_fear.wav,fear
data/training/Actor_23/03-02-06-02-02-01-23_fear.wav,fear
data/training/Actor_23/23_01_02_02_kids-talking_fear.wav,fear
data/training/Actor_23/03-02-06-01-02-02-23_fear.wav,fear
data/training/Actor_23/23_01_02_01_dogs-sitting_fear.wav,fear
data/training/Actor_23/03-02-06-01-02-01-23_fear.wav,fear
data/training/Actor_23/23_01_01_02_dogs-sitting_fear.wav,fear
data/training/Actor_23/03-02-06-02-02-02-23_fear.wav,fear
data/training/Actor_23/03-02-06-02-01-01-23_fear.wav,fear
data/training/Actor_23/03-02-06-01-01-02-23_fear.wav,fear
data/training/Actor_23/23_01_02_01_kids-talking_fear.wav,fear
data/training/Actor_23/23_01_01_02_kids-talking_fear.wav,fear
data/training/Actor_23/23_01_01_01_dogs-sitting_fear.wav,fear
data/training/Actor_23/23_01_02_02_dogs-sitting_fear.wav,fear
data/training/Actor_24/24_01_02_01_dogs-sitting_fear.wav,fear
data/training/Actor_24/03-02-06-02-01-01-24_fear.wav,fear
data/training/Actor_24/24_01_01_02_dogs-sitting_fear.wav,fear
data/training/Actor_24/03-02-06-01-01-02-24_fear.wav,fear
data/training/Actor_24/24_02_02_01_kids-talking_fear.wav,fear
data/training/Actor_24/03-02-06-01-02-01-24_fear.wav,fear
data/training/Actor_24/24_02_01_02_kids-talking_fear.wav,fear
data/training/Actor_24/03-02-06-02-02-02-24_fear.wav,fear
data/training/Actor_24/24_02_01_01_dogs-sitting_fear.wav,fear
data/training/Actor_24/03-02-06-02-02-01-24_fear.wav,fear
data/training/Actor_24/24_02_02_02_dogs-sitting_fear.wav,fear
data/training/Actor_24/03-02-06-01-02-02-24_fear.wav,fear
data/training/Actor_24/24_01_01_01_kids-talking_fear.wav,fear
data/training/Actor_24/03-02-06-01-01-01-24_fear.wav,fear
data/training/Actor_24/24_01_02_02_kids-talking_fear.wav,fear
data/training/Actor_24/03-02-06-02-01-02-24_fear.wav,fear
data/training/Actor_24/24_02_01_01_kids-talking_fear.wav,fear
data/training/Actor_24/24_02_02_02_kids-talking_fear.wav,fear
data/training/Actor_24/24_01_01_01_dogs-sitting_fear.wav,fear
data/training/Actor_24/24_01_02_02_dogs-sitting_fear.wav,fear
data/training/Actor_24/24_01_02_01_kids-talking_fear.wav,fear
data/training/Actor_24/24_01_01_02_kids-talking_fear.wav,fear
data/training/Actor_24/24_02_02_01_dogs-sitting_fear.wav,fear
data/training/Actor_24/24_02_01_02_dogs-sitting_fear.wav,fear
data/training/Actor_25/25_01_01_01_mess_fear.wav,fear
data/training/Actor_25/25_01_01_01_sheep_fear.wav,fear
data/training/Actor_25/25_01_01_01_keg_fear.wav,fear
data/training/Actor_25/25_01_01_01_long_fear.wav,fear
data/training/Actor_25/25_01_01_01_keen_fear.wav,fear
data/training/Actor_25/25_01_01_01_kite_fear.wav,fear
data/training/Actor_25/25_01_01_01_whip_fear.wav,fear
data/training/Actor_25/25_01_01_01_lore_fear.wav,fear
data/training/Actor_25/25_01_01_01_soap_fear.wav,fear
data/training/Actor_25/25_01_01_01_fit_fear.wav,fear
data/training/Actor_25/25_01_01_01_which_fear.wav,fear
data/training/Actor_25/25_01_01_01_match_fear.wav,fear
data/training/Actor_25/25_01_01_01_tell_fear.wav,fear
data/training/Actor_25/25_01_01_01_germ_fear.wav,fear
data/training/Actor_25/25_01_01_01_make_fear.wav,fear
data/training/Actor_25/25_01_01_01_rush_fear.wav,fear
data/training/Actor_25/25_01_01_01_near_fear.wav,fear
data/training/Actor_25/25_01_01_01_wife_fear.wav,fear
data/training/Actor_25/25_01_01_01_puff_fear.wav,fear
data/training/Actor_25/25_01_01_01_third_fear.wav,fear
data/training/Actor_25/25_01_01_01_team_fear.wav,fear
data/training/Actor_25/25_01_01_01_five_fear.wav,fear
data/training/Actor_25/25_01_01_01_vote_fear.wav,fear
data/training/Actor_25/25_01_01_01_good_fear.wav,fear
data/training/Actor_25/25_01_01_01_pool_fear.wav,fear
data/training/Actor_25/25_01_01_01_pad_fear.wav,fear
data/training/Actor_25/25_01_01_01_tire_fear.wav,fear
data/training/Actor_25/25_01_01_01_king_fear.wav,fear
data/training/Actor_25/25_01_01_01_jar_fear.wav,fear
data/training/Actor_25/25_01_01_01_hush_fear.wav,fear
data/training/Actor_25/25_01_01_01_size_fear.wav,fear
data/training/Actor_25/25_01_01_01_said_fear.wav,fear
data/training/Actor_25/25_01_01_01_goose_fear.wav,fear
data/training/Actor_25/25_01_01_01_mop_fear.wav,fear
data/training/Actor_25/25_01_01_01_peg_fear.wav,fear
data/training/Actor_25/25_01_01_01_keep_fear.wav,fear
data/training/Actor_25/25_01_01_01_gas_fear.wav,fear
data/training/Actor_25/25_01_01_01_rot_fear.wav,fear
data/training/Actor_25/25_01_01_01_soup_fear.wav,fear
data/training/Actor_25/25_01_01_01_name_fear.wav,fear
data/training/Actor_25/25_01_01_01_gin_fear.wav,fear
data/training/Actor_25/25_01_01_01_such_fear.wav,fear
data/training/Actor_25/25_01_01_01_pain_fear.wav,fear
data/training/Actor_25/25_01_01_01_wash_fear.wav,fear
data/training/Actor_25/25_01_01_01_juice_fear.wav,fear
data/training/Actor_25/25_01_01_01_numb_fear.wav,fear
data/training/Actor_25/25_01_01_01_jug_fear.wav,fear
data/training/Actor_25/25_01_01_01_hash_fear.wav,fear
data/training/Actor_25/25_01_01_01_mood_fear.wav,fear
data/training/Actor_25/25_01_01_01_lot_fear.wav,fear
data/training/Actor_25/25_01_01_01_pole_fear.wav,fear
data/training/Actor_25/25_01_01_01_kick_fear.wav,fear
data/training/Actor_25/25_01_01_01_thumb_fear.wav,fear
data/training/Actor_25/25_01_01_01_thin_fear.wav,fear
data/training/Actor_25/25_01_01_01_lose_fear.wav,fear
data/training/Actor_25/25_01_01_01_shack_fear.wav,fear
data/training/Actor_25/25_01_01_01_reach_fear.wav,fear
data/training/Actor_25/25_01_01_01_vine_fear.wav,fear
data/training/Actor_25/25_01_01_01_shout_fear.wav,fear
data/training/Actor_25/25_01_01_01_take_fear.wav,fear
data/training/Actor_25/25_01_01_01_witch_fear.wav,fear
data/training/Actor_25/25_01_01_01_should_fear.wav,fear
data/training/Actor_25/25_01_01_01_lean_fear.wav,fear
data/training/Actor_25/25_01_01_01_wire_fear.wav,fear
data/training/Actor_25/25_01_01_01_hate_fear.wav,fear
data/training/Actor_25/25_01_01_01_goal_fear.wav,fear
data/training/Actor_25/25_01_01_01_moon_fear.wav,fear
data/training/Actor_25/25_01_01_01_search_fear.wav,fear
data/training/Actor_25/25_01_01_01_pass_fear.wav,fear
data/training/Actor_25/25_01_01_01_hire_fear.wav,fear
data/training/Actor_25/25_01_01_01_time_fear.wav,fear
data/training/Actor_25/25_01_01_01_tip_fear.wav,fear
data/training/Actor_25/25_01_01_01_raise_fear.wav,fear
data/training/Actor_25/25_01_01_01_when_fear.wav,fear
data/training/Actor_25/25_01_01_01_ring_fear.wav,fear
data/training/Actor_25/25_01_01_01_live_fear.wav,fear
data/training/Actor_25/25_01_01_01_ton_fear.wav,fear
data/training/Actor_25/25_01_01_01_seize_fear.wav,fear
data/training/Actor_25/25_01_01_01_mode_fear.wav,fear
data/training/Actor_25/25_01_01_01_mob_fear.wav,fear
data/training/Actor_25/25_01_01_01_turn_fear.wav,fear
data/training/Actor_25/25_01_01_01_neat_fear.wav,fear
data/training/Actor_25/25_01_01_01_shawl_fear.wav,fear
data/training/Actor_25/25_01_01_01_join_fear.wav,fear
data/training/Actor_25/25_01_01_01_tape_fear.wav,fear
data/training/Actor_25/25_01_01_01_walk_fear.wav,fear
data/training/Actor_25/25_01_01_01_rain_fear.wav,fear
data/training/Actor_25/25_01_01_01_sail_fear.wav,fear
data/training/Actor_25/25_01_01_01_haze_fear.wav,fear
data/training/Actor_25/25_01_01_01_gap_fear.wav,fear
data/training/Actor_25/25_01_01_01_thought_fear.wav,fear
data/training/Actor_25/25_01_01_01_merge_fear.wav,fear
data/training/Actor_25/25_01_01_01_youth_fear.wav,fear
data/training/Actor_25/25_01_01_01_page_fear.wav,fear
data/training/Actor_25/25_01_01_01_yes_fear.wav,fear
data/training/Actor_25/25_01_01_01_nag_fear.wav,fear
data/training/Actor_25/25_01_01_01_raid_fear.wav,fear
data/training/Actor_25/25_01_01_01_met_fear.wav,fear
data/training/Actor_25/25_01_01_01_food_fear.wav,fear
data/training/Actor_25/25_01_01_01_road_fear.wav,fear
data/training/Actor_25/25_01_01_01_loaf_fear.wav,fear
data/training/Actor_25/25_01_01_01_lid_fear.wav,fear
data/training/Actor_25/25_01_01_01_life_fear.wav,fear
data/training/Actor_25/25_01_01_01_rat_fear.wav,fear
data/training/Actor_25/25_01_01_01_sure_fear.wav,fear
data/training/Actor_25/25_01_01_01_laud_fear.wav,fear
data/training/Actor_25/25_01_01_01_voice_fear.wav,fear
data/training/Actor_25/25_01_01_01_week_fear.wav,fear
data/training/Actor_25/25_01_01_01_learn_fear.wav,fear
data/training/Actor_25/25_01_01_01_love_fear.wav,fear
data/training/Actor_25/25_01_01_01_tool_fear.wav,fear
data/training/Actor_25/25_01_01_01_perch_fear.wav,fear
data/training/Actor_25/25_01_01_01_shall_fear.wav,fear
data/training/Actor_25/25_01_01_01_phone_fear.wav,fear
data/training/Actor_25/25_01_01_01_kill_fear.wav,fear
data/training/Actor_25/25_01_01_01_hole_fear.wav,fear
data/training/Actor_25/25_01_01_01_hurl_fear.wav,fear
data/training/Actor_25/25_01_01_01_nice_fear.wav,fear
data/training/Actor_25/25_01_01_01_wheat_fear.wav,fear
data/training/Actor_25/25_01_01_01_red_fear.wav,fear
data/training/Actor_25/25_01_01_01_limb_fear.wav,fear
data/training/Actor_25/25_01_01_01_pearl_fear.wav,fear
data/training/Actor_25/25_01_01_01_pick_fear.wav,fear
data/training/Actor_25/25_01_01_01_jail_fear.wav,fear
data/training/Actor_25/25_01_01_01_yearn_fear.wav,fear
data/training/Actor_25/25_01_01_01_rag_fear.wav,fear
data/training/Actor_25/25_01_01_01_gaze_fear.wav,fear
data/training/Actor_25/25_01_01_01_mouse_fear.wav,fear
data/training/Actor_25/25_01_01_01_tough_fear.wav,fear
data/training/Actor_25/25_01_01_01_young_fear.wav,fear
data/training/Actor_25/25_01_01_01_late_fear.wav,fear
data/training/Actor_25/25_01_01_01_have_fear.wav,fear
data/training/Actor_25/25_01_01_01_shirt_fear.wav,fear
data/training/Actor_25/25_01_01_01_void_fear.wav,fear
data/training/Actor_25/25_01_01_01_room_fear.wav,fear
data/training/Actor_25/25_01_01_01_wag_fear.wav,fear
data/training/Actor_25/25_01_01_01_note_fear.wav,fear
data/training/Actor_25/25_01_01_01_ripe_fear.wav,fear
data/training/Actor_25/25_01_01_01_sub_fear.wav,fear
data/training/Actor_25/25_01_01_01_hall_fear.wav,fear
data/training/Actor_25/25_01_01_01_lease_fear.wav,fear
data/training/Actor_25/25_01_01_01_home_fear.wav,fear
data/training/Actor_25/25_01_01_01_read_fear.wav,fear
data/training/Actor_25/25_01_01_01_sour_fear.wav,fear
data/training/Actor_25/25_01_01_01_judge_fear.wav,fear
data/training/Actor_25/25_01_01_01_south_fear.wav,fear
data/training/Actor_25/25_01_01_01_knock_fear.wav,fear
data/training/Actor_25/25_01_01_01_hit_fear.wav,fear
data/training/Actor_25/25_01_01_01_pike_fear.wav,fear
data/training/Actor_25/25_01_01_01_luck_fear.wav,fear
data/training/Actor_25/25_01_01_01_white_fear.wav,fear
data/training/Actor_25/25_01_01_01_gun_fear.wav,fear
data/training/Actor_25/25_01_01_01_fat_fear.wav,fear
data/training/Actor_25/25_01_01_01_get_fear.wav,fear
data/training/Actor_25/25_01_01_01_talk_fear.wav,fear
data/training/Actor_25/25_01_01_01_rose_fear.wav,fear
data/training/Actor_25/25_01_01_01_half_fear.wav,fear
data/training/Actor_25/25_01_01_01_rough_fear.wav,fear
data/training/Actor_25/25_01_01_01_mill_fear.wav,fear
data/training/Actor_25/25_01_01_01_sell_fear.wav,fear
data/training/Actor_22/22_01_01_02_dogs-sitting_fear.wav,fear
data/training/Actor_22/22_01_02_01_dogs-sitting_fear.wav,fear
data/training/Actor_22/03-02-06-01-01-01-22_fear.wav,fear
data/training/Actor_22/03-02-06-02-01-02-22_fear.wav,fear
data/training/Actor_22/03-02-06-02-02-01-22_fear.wav,fear
data/training/Actor_22/03-02-06-01-02-02-22_fear.wav,fear
data/training/Actor_22/03-02-06-01-02-01-22_fear.wav,fear
data/training/Actor_22/03-02-06-02-02-02-22_fear.wav,fear
data/training/Actor_22/22_01_02_02_kids-talking_fear.wav,fear
data/training/Actor_22/03-02-06-02-01-01-22_fear.wav,fear
data/training/Actor_22/22_01_01_01_kids-talking_fear.wav,fear
data/training/Actor_22/03-02-06-01-01-02-22_fear.wav,fear
data/training/Actor_22/22_01_02_02_dogs-sitting_fear.wav,fear
data/training/Actor_22/22_01_01_01_dogs-sitting_fear.wav,fear
data/training/Actor_22/22_01_01_02_kids-talking_fear.wav,fear
data/training/Actor_22/22_01_02_01_kids-talking_fear.wav,fear
data/training/Actor_14/14_02_01_01_dogs-sitting_fear.wav,fear
data/training/Actor_14/14_02_02_02_dogs-sitting_fear.wav,fear
data/training/Actor_14/14_02_02_01_kids-talking_fear.wav,fear
data/training/Actor_14/14_02_01_02_kids-talking_fear.wav,fear
data/training/Actor_14/03-02-06-02-02-01-14_fear.wav,fear
data/training/Actor_14/14_02_02_01_dogs-sitting_fear.wav,fear
data/training/Actor_14/03-02-06-01-02-02-14_fear.wav,fear
data/training/Actor_14/14_02_01_02_dogs-sitting_fear.wav,fear
data/training/Actor_14/03-02-06-01-01-01-14_fear.wav,fear
data/training/Actor_14/03-02-06-02-01-02-14_fear.wav,fear
data/training/Actor_14/03-02-06-02-01-01-14_fear.wav,fear
data/training/Actor_14/03-02-06-01-01-02-14_fear.wav,fear
data/training/Actor_14/03-02-06-01-02-01-14_fear.wav,fear
data/training/Actor_14/03-02-06-02-02-02-14_fear.wav,fear
data/training/Actor_14/14_02_01_01_kids-talking_fear.wav,fear
data/training/Actor_14/14_02_02_02_kids-talking_fear.wav,fear
data/training/Actor_13/13_02_02_01_kids-talking_fear.wav,fear
data/training/Actor_13/13_02_01_02_kids-talking_fear.wav,fear
data/training/Actor_13/13_01_02_01_dogs-sitting_fear.wav,fear
data/training/Actor_13/13_01_01_02_dogs-sitting_fear.wav,fear
data/training/Actor_13/13_01_01_01_kids-talking_fear.wav,fear
data/training/Actor_13/13_01_02_02_kids-talking_fear.wav,fear
data/training/Actor_13/13_02_01_01_dogs-sitting_fear.wav,fear
data/training/Actor_13/13_02_02_02_dogs-sitting_fear.wav,fear
data/training/Actor_13/03-02-06-01-02-01-13_fear.wav,fear
data/training/Actor_13/13_01_01_01_dogs-sitting_fear.wav,fear
data/training/Actor_13/03-02-06-02-02-02-13_fear.wav,fear
data/training/Actor_13/13_01_02_02_dogs-sitting_fear.wav,fear
data/training/Actor_13/03-02-06-02-01-01-13_fear.wav,fear
data/training/Actor_13/13_02_01_01_kids-talking_fear.wav,fear
data/training/Actor_13/13_02_02_02_kids-talking_fear.wav,fear
data/training/Actor_13/03-02-06-01-01-02-13_fear.wav,fear
data/training/Actor_13/03-02-06-01-01-01-13_fear.wav,fear
data/training/Actor_13/13_02_02_01_dogs-sitting_fear.wav,fear
data/training/Actor_13/03-02-06-02-01-02-13_fear.wav,fear
data/training/Actor_13/13_02_01_02_dogs-sitting_fear.wav,fear
data/training/Actor_13/03-02-06-02-02-01-13_fear.wav,fear
data/training/Actor_13/13_01_02_01_kids-talking_fear.wav,fear
data/training/Actor_13/03-02-06-01-02-02-13_fear.wav,fear
data/training/Actor_13/13_01_01_02_kids-talking_fear.wav,fear
data/training/Actor_09/09_02_02_01_dogs-sitting_fear.wav,fear
data/training/Actor_09/09_02_01_02_dogs-sitting_fear.wav,fear
data/training/Actor_09/09_01_02_01_kids-talking_fear.wav,fear
data/training/Actor_09/09_01_01_02_kids-talking_fear.wav,fear
data/training/Actor_09/09_01_01_01_dogs-sitting_fear.wav,fear
data/training/Actor_09/09_01_02_02_dogs-sitting_fear.wav,fear
data/training/Actor_09/09_02_01_01_kids-talking_fear.wav,fear
data/training/Actor_09/09_02_02_02_kids-talking_fear.wav,fear
data/training/Actor_09/09_01_01_01_kids-talking_fear.wav,fear
data/training/Actor_09/09_01_02_02_kids-talking_fear.wav,fear
data/training/Actor_09/09_02_01_01_dogs-sitting_fear.wav,fear
data/training/Actor_09/09_02_02_02_dogs-sitting_fear.wav,fear
data/training/Actor_09/09_02_02_01_kids-talking_fear.wav,fear
data/training/Actor_09/09_02_01_02_kids-talking_fear.wav,fear
data/training/Actor_09/09_01_02_01_dogs-sitting_fear.wav,fear
data/training/Actor_09/09_01_01_02_dogs-sitting_fear.wav,fear
data/training/Actor_07/07_01_01_01_kids-talking_fear.wav,fear
data/training/Actor_07/07_01_02_02_kids-talking_fear.wav,fear
data/training/Actor_07/07_02_01_01_dogs-sitting_fear.wav,fear
data/training/Actor_07/07_02_02_02_dogs-sitting_fear.wav,fear
data/training/Actor_07/07_02_02_01_kids-talking_fear.wav,fear
data/training/Actor_07/07_02_01_02_kids-talking_fear.wav,fear
data/training/Actor_07/07_01_02_01_dogs-sitting_fear.wav,fear
data/training/Actor_07/07_01_01_02_dogs-sitting_fear.wav,fear
data/training/Actor_07/07_02_02_01_dogs-sitting_fear.wav,fear
data/training/Actor_07/07_02_01_02_dogs-sitting_fear.wav,fear
data/training/Actor_07/07_01_02_01_kids-talking_fear.wav,fear
data/training/Actor_07/07_01_01_02_kids-talking_fear.wav,fear
data/training/Actor_07/07_01_01_01_dogs-sitting_fear.wav,fear
data/training/Actor_07/07_01_02_02_dogs-sitting_fear.wav,fear
data/training/Actor_07/07_02_01_01_kids-talking_fear.wav,fear
data/training/Actor_07/07_02_02_02_kids-talking_fear.wav,fear
data/training/Actor_06/06_02_01_02_kids-talking_fear.wav,fear
data/training/Actor_06/03-02-06-02-02-02-06_fear.wav,fear
data/training/Actor_06/06_02_02_01_kids-talking_fear.wav,fear
data/training/Actor_06/03-02-06-01-02-01-06_fear.wav,fear
data/training/Actor_06/06_01_01_02_dogs-sitting_fear.wav,fear
data/training/Actor_06/06_01_02_01_dogs-sitting_fear.wav,fear
data/training/Actor_06/03-02-06-01-01-02-06_fear.wav,fear
data/training/Actor_06/03-02-06-02-01-01-06_fear.wav,fear
data/training/Actor_06/06_01_02_02_kids-talking_fear.wav,fear
data/training/Actor_06/03-02-06-02-01-02-06_fear.wav,fear
data/training/Actor_06/06_01_01_01_kids-talking_fear.wav,fear
data/training/Actor_06/03-02-06-01-01-01-06_fear.wav,fear
data/training/Actor_06/03-02-06-01-02-02-06_fear.wav,fear
data/training/Actor_06/06_02_02_02_dogs-sitting_fear.wav,fear
data/training/Actor_06/06_02_01_01_dogs-sitting_fear.wav,fear
data/training/Actor_06/03-02-06-02-02-01-06_fear.wav,fear
data/training/Actor_06/06_01_02_02_dogs-sitting_fear.wav,fear
data/training/Actor_06/06_01_01_01_dogs-sitting_fear.wav,fear
data/training/Actor_06/06_02_02_02_kids-talking_fear.wav,fear
data/training/Actor_06/06_02_01_01_kids-talking_fear.wav,fear
data/training/Actor_06/06_02_01_02_dogs-sitting_fear.wav,fear
data/training/Actor_06/06_02_02_01_dogs-sitting_fear.wav,fear
data/training/Actor_06/06_01_01_02_kids-talking_fear.wav,fear
data/training/Actor_06/06_01_02_01_kids-talking_fear.wav,fear
data/training/Actor_01/01_01_02_02_kids-talking_fear.wav,fear
data/training/Actor_01/03-02-06-01-02-02-01_fear.wav,fear
data/training/Actor_01/01_01_01_01_kids-talking_fear.wav,fear
data/training/Actor_01/03-02-06-02-02-01-01_fear.wav,fear
data/training/Actor_01/01_02_02_02_dogs-sitting_fear.wav,fear
data/training/Actor_01/01_02_01_01_dogs-sitting_fear.wav,fear
data/training/Actor_01/03-02-06-02-01-02-01_fear.wav,fear
data/training/Actor_01/03-02-06-01-01-01-01_fear.wav,fear
data/training/Actor_01/01_02_01_02_kids-talking_fear.wav,fear
data/training/Actor_01/03-02-06-01-01-02-01_fear.wav,fear
data/training/Actor_01/01_02_02_01_kids-talking_fear.wav,fear
data/training/Actor_01/03-02-06-02-01-01-01_fear.wav,fear
data/training/Actor_01/03-02-06-02-02-02-01_fear.wav,fear
data/training/Actor_01/01_01_01_02_dogs-sitting_fear.wav,fear
data/training/Actor_01/01_01_02_01_dogs-sitting_fear.wav,fear
data/training/Actor_01/03-02-06-01-02-01-01_fear.wav,fear
data/training/Actor_01/01_02_01_02_dogs-sitting_fear.wav,fear
data/training/Actor_01/01_02_02_01_dogs-sitting_fear.wav,fear
data/training/Actor_01/01_01_01_02_kids-talking_fear.wav,fear
data/training/Actor_01/01_01_02_01_kids-talking_fear.wav,fear
data/training/Actor_01/01_01_02_02_dogs-sitting_fear.wav,fear
data/training/Actor_01/01_01_01_01_dogs-sitting_fear.wav,fear
data/training/Actor_01/01_02_02_02_kids-talking_fear.wav,fear
data/training/Actor_01/01_02_01_01_kids-talking_fear.wav,fear
data/training/Actor_08/08_01_02_02_dogs-sitting_fear.wav,fear
data/training/Actor_08/08_01_01_01_dogs-sitting_fear.wav,fear
data/training/Actor_08/08_02_02_02_kids-talking_fear.wav,fear
data/training/Actor_08/08_02_01_01_kids-talking_fear.wav,fear
data/training/Actor_08/08_02_01_02_dogs-sitting_fear.wav,fear
data/training/Actor_08/08_02_02_01_dogs-sitting_fear.wav,fear
data/training/Actor_08/08_01_01_02_kids-talking_fear.wav,fear
data/training/Actor_08/08_01_02_01_kids-talking_fear.wav,fear
data/training/Actor_08/08_02_01_02_kids-talking_fear.wav,fear
data/training/Actor_08/08_02_02_01_kids-talking_fear.wav,fear
data/training/Actor_08/08_01_01_02_dogs-sitting_fear.wav,fear
data/training/Actor_08/08_01_02_01_dogs-sitting_fear.wav,fear
data/training/Actor_08/08_01_02_02_kids-talking_fear.wav,fear
data/training/Actor_08/08_01_01_01_kids-talking_fear.wav,fear
data/training/Actor_08/08_02_02_02_dogs-sitting_fear.wav,fear
data/training/Actor_08/08_02_01_01_dogs-sitting_fear.wav,fear
data/training/Actor_11/11_01_01_02_kids-talking_disgust.wav,disgust
data/training/Actor_11/11_01_01_02_dogs-sitting_disgust.wav,disgust
data/training/Actor_11/11_01_02_01_kids-talking_disgust.wav,disgust
data/training/Actor_11/11_01_02_01_dogs-sitting_disgust.wav,disgust
data/training/Actor_11/11_01_01_01_dogs-sitting_disgust.wav,disgust
data/training/Actor_11/11_01_01_01_kids-talking_disgust.wav,disgust
data/training/Actor_11/11_01_02_02_dogs-sitting_disgust.wav,disgust
data/training/Actor_11/11_01_02_02_kids-talking_disgust.wav,disgust
data/training/Actor_18/18_01_02_02_dogs-sitting_disgust.wav,disgust
data/training/Actor_18/18_01_02_02_kids-talking_disgust.wav,disgust
data/training/Actor_18/18_01_01_01_dogs-sitting_disgust.wav,disgust
data/training/Actor_18/18_01_01_01_kids-talking_disgust.wav,disgust
data/training/Actor_18/18_01_02_01_kids-talking_disgust.wav,disgust
data/training/Actor_18/18_01_02_01_dogs-sitting_disgust.wav,disgust
data/training/Actor_18/18_01_01_02_kids-talking_disgust.wav,disgust
data/training/Actor_18/18_01_01_02_dogs-sitting_disgust.wav,disgust
data/training/Actor_20/20_01_01_01_dogs-sitting_disgust.wav,disgust
data/training/Actor_20/20_01_01_01_kids-talking_disgust.wav,disgust
data/training/Actor_20/20_01_02_02_dogs-sitting_disgust.wav,disgust
data/training/Actor_20/20_01_02_02_kids-talking_disgust.wav,disgust
data/training/Actor_20/20_01_01_02_kids-talking_disgust.wav,disgust
data/training/Actor_20/20_01_01_02_dogs-sitting_disgust.wav,disgust
data/training/Actor_20/20_01_02_01_kids-talking_disgust.wav,disgust
data/training/Actor_20/20_01_02_01_dogs-sitting_disgust.wav,disgust
data/training/Actor_21/21_01_02_02_dogs-sitting_disgust.wav,disgust
data/training/Actor_21/21_01_02_02_kids-talking_disgust.wav,disgust
data/training/Actor_21/21_01_01_01_dogs-sitting_disgust.wav,disgust
data/training/Actor_21/21_01_01_01_kids-talking_disgust.wav,disgust
data/training/Actor_21/21_01_02_01_kids-talking_disgust.wav,disgust
data/training/Actor_21/21_01_02_01_dogs-sitting_disgust.wav,disgust
data/training/Actor_21/21_01_01_02_kids-talking_disgust.wav,disgust
data/training/Actor_21/21_01_01_02_dogs-sitting_disgust.wav,disgust
data/training/Actor_26/26_01_01_01_live_disgust.wav,disgust
data/training/Actor_26/26_01_01_01_mob_disgust.wav,disgust
data/training/Actor_26/26_01_01_01_long_disgust.wav,disgust
data/training/Actor_26/26_01_01_01_pool_disgust.wav,disgust
data/training/Actor_26/26_01_01_01_moon_disgust.wav,disgust
data/training/Actor_26/26_01_01_01_wag_disgust.wav,disgust
data/training/Actor_26/26_01_01_01_sour_disgust.wav,disgust
data/training/Actor_26/26_01_01_01_tip_disgust.wav,disgust
data/training/Actor_26/26_01_01_01_should_disgust.wav,disgust
data/training/Actor_26/26_01_01_01_goal_disgust.wav,disgust
data/training/Actor_26/26_01_01_01_pike_disgust.wav,disgust
data/training/Actor_26/26_01_01_01_numb_disgust.wav,disgust
data/training/Actor_26/26_01_01_01_back_disgust.wav,disgust
data/training/Actor_26/26_01_01_01_sail_disgust.wav,disgust
data/training/Actor_26/26_01_01_01_good_disgust.wav,disgust
data/training/Actor_26/26_01_01_01_such_disgust.wav,disgust
data/training/Actor_26/26_01_01_01_juice_disgust.wav,disgust
data/training/Actor_26/26_01_01_01_read_disgust.wav,disgust
data/training/Actor_26/26_01_01_01_talk_disgust.wav,disgust
data/training/Actor_26/26_01_01_01_get_disgust.wav,disgust
data/training/Actor_26/26_01_01_01_hall_disgust.wav,disgust
data/training/Actor_26/26_01_01_01_rough_disgust.wav,disgust
data/training/Actor_26/26_01_01_01_lore_disgust.wav,disgust
data/training/Actor_26/26_01_01_01_nice_disgust.wav,disgust
data/training/Actor_26/26_01_01_01_hate_disgust.wav,disgust
data/training/Actor_26/26_01_01_01_loaf_disgust.wav,disgust
data/training/Actor_26/26_01_01_01_wire_disgust.wav,disgust
data/training/Actor_26/26_01_01_01_merge_disgust.wav,disgust
data/training/Actor_26/26_01_01_01_shirt_disgust.wav,disgust
data/training/Actor_26/26_01_01_01_gas_disgust.wav,disgust
data/training/Actor_26/26_01_01_01_limb_disgust.wav,disgust
data/training/Actor_26/26_01_01_01_food_disgust.wav,disgust
data/training/Actor_26/26_01_01_01_shack_disgust.wav,disgust
data/training/Actor_26/26_01_01_01_sure_disgust.wav,disgust
data/training/Actor_26/26_01_01_01_book_disgust.wav,disgust
data/training/Actor_26/26_01_01_01_bought_disgust.wav,disgust
data/training/Actor_26/26_01_01_01_keen_disgust.wav,disgust
data/training/Actor_26/26_01_01_01_team_disgust.wav,disgust
data/training/Actor_26/26_01_01_01_tape_disgust.wav,disgust
data/training/Actor_26/26_01_01_01_wash_disgust.wav,disgust
data/training/Actor_26/26_01_01_01_lose_disgust.wav,disgust
data/training/Actor_26/26_01_01_01_dodge_disgust.wav,disgust
data/training/Actor_26/26_01_01_01_learn_disgust.wav,disgust
data/training/Actor_26/26_01_01_01_doll_disgust.wav,disgust
data/training/Actor_26/26_01_01_01_south_disgust.wav,disgust
data/training/Actor_26/26_01_01_01_fat_disgust.wav,disgust
data/training/Actor_26/26_01_01_01_yearn_disgust.wav,disgust
data/training/Actor_26/26_01_01_01_seize_disgust.wav,disgust
data/training/Actor_26/26_01_01_01_join_disgust.wav,disgust
data/training/Actor_26/26_01_01_01_fall_disgust.wav,disgust
data/training/Actor_26/26_01_01_01_late_disgust.wav,disgust
data/training/Actor_26/26_01_01_01_choice_disgust.wav,disgust
data/training/Actor_26/26_01_01_01_pad_disgust.wav,disgust
data/training/Actor_26/26_01_01_01_tough_disgust.wav,disgust
data/training/Actor_26/26_01_01_01_shall_disgust.wav,disgust
data/training/Actor_26/26_01_01_01_thumb_disgust.wav,disgust
data/training/Actor_26/26_01_01_01_door_disgust.wav,disgust
data/training/Actor_26/26_01_01_01_note_disgust.wav,disgust
data/training/Actor_26/26_01_01_01_goose_disgust.wav,disgust
data/training/Actor_26/26_01_01_01_third_disgust.wav,disgust
data/training/Actor_26/26_01_01_01_chalk_disgust.wav,disgust
data/training/Actor_26/26_01_01_01_date_disgust.wav,disgust
data/training/Actor_26/26_01_01_01_home_disgust.wav,disgust
data/training/Actor_26/26_01_01_01_red_disgust.wav,disgust
data/training/Actor_26/26_01_01_01_reach_disgust.wav,disgust
data/training/Actor_26/26_01_01_01_gap_disgust.wav,disgust
data/training/Actor_26/26_01_01_01_ring_disgust.wav,disgust
data/training/Actor_26/26_01_01_01_tool_disgust.wav,disgust
data/training/Actor_26/26_01_01_01_walk_disgust.wav,disgust
data/training/Actor_26/26_01_01_01_puff_disgust.wav,disgust
data/training/Actor_26/26_01_01_01_wheat_disgust.wav,disgust
data/training/Actor_26/26_01_01_01_perch_disgust.wav,disgust
data/training/Actor_26/26_01_01_01_which_disgust.wav,disgust
data/training/Actor_26/26_01_01_01_came_disgust.wav,disgust
data/training/Actor_26/26_01_01_01_met_disgust.wav,disgust
data/training/Actor_26/26_01_01_01_wife_disgust.wav,disgust
data/training/Actor_26/26_01_01_01_base_disgust.wav,disgust
data/training/Actor_26/26_01_01_01_yes_disgust.wav,disgust
data/training/Actor_26/26_01_01_01_mood_disgust.wav,disgust
data/training/Actor_26/26_01_01_01_mess_disgust.wav,disgust
data/training/Actor_26/26_01_01_01_burn_disgust.wav,disgust
data/training/Actor_26/26_01_01_01_phone_disgust.wav,disgust
data/training/Actor_26/26_01_01_01_make_disgust.wav,disgust
data/training/Actor_26/26_01_01_01_tire_disgust.wav,disgust
data/training/Actor_26/26_01_01_01_road_disgust.wav,disgust
data/training/Actor_26/26_01_01_01_death_disgust.wav,disgust
data/training/Actor_26/26_01_01_01_pick_disgust.wav,disgust
data/training/Actor_26/26_01_01_01_far_disgust.wav,disgust
data/training/Actor_26/26_01_01_01_whip_disgust.wav,disgust
data/training/Actor_26/26_01_01_01_gin_disgust.wav,disgust
data/training/Actor_26/26_01_01_01_thought_disgust.wav,disgust
data/training/Actor_26/26_01_01_01_hush_disgust.wav,disgust
data/training/Actor_26/26_01_01_01_half_disgust.wav,disgust
data/training/Actor_26/26_01_01_01_white_disgust.wav,disgust
data/training/Actor_26/26_01_01_01_time_disgust.wav,disgust
data/training/Actor_26/26_01_01_01_bar_disgust.wav,disgust
data/training/Actor_26/26_01_01_01_five_disgust.wav,disgust
data/training/Actor_26/26_01_01_01_rot_disgust.wav,disgust
data/training/Actor_26/26_01_01_01_cause_disgust.wav,disgust
data/training/Actor_26/26_01_01_01_hole_disgust.wav,disgust
data/training/Actor_26/26_01_01_01_search_disgust.wav,disgust
data/training/Actor_26/26_01_01_01_dog_disgust.wav,disgust
data/training/Actor_26/26_01_01_01_sub_disgust.wav,disgust
data/training/Actor_26/26_01_01_01_young_disgust.wav,disgust
data/training/Actor_26/26_01_01_01_deep_disgust.wav,disgust
data/training/Actor_26/26_01_01_01_hash_disgust.wav,disgust
data/training/Actor_26/26_01_01_01_mode_disgust.wav,disgust
data/training/Actor_26/26_01_01_01_raid_disgust.wav,disgust
data/training/Actor_26/26_01_01_01_soap_disgust.wav,disgust
data/training/Actor_26/26_01_01_01_life_disgust.wav,disgust
data/training/Actor_26/26_01_01_01_germ_disgust.wav,disgust
data/training/Actor_26/26_01_01_01_voice_disgust.wav,disgust
data/training/Actor_26/26_01_01_01_jail_disgust.wav,disgust
data/training/Actor_26/26_01_01_01_sheep_disgust.wav,disgust
data/training/Actor_26/26_01_01_01_thin_disgust.wav,disgust
data/training/Actor_26/26_01_01_01_lid_disgust.wav,disgust
data/training/Actor_26/26_01_01_01_hire_disgust.wav,disgust
data/training/Actor_26/26_01_01_01_boat_disgust.wav,disgust
data/training/Actor_26/26_01_01_01_dead_disgust.wav,disgust
data/training/Actor_26/26_01_01_01_chat_disgust.wav,disgust
data/training/Actor_26/26_01_01_01_ton_disgust.wav,disgust
data/training/Actor_26/26_01_01_01_when_disgust.wav,disgust
data/training/Actor_26/26_01_01_01_keg_disgust.wav,disgust
data/training/Actor_26/26_01_01_01_pain_disgust.wav,disgust
data/training/Actor_26/26_01_01_01_shawl_disgust.wav,disgust
data/training/Actor_26/26_01_01_01_keep_disgust.wav,disgust
data/training/Actor_26/26_01_01_01_kick_disgust.wav,disgust
data/training/Actor_26/26_01_01_01_judge_disgust.wav,disgust
data/training/Actor_26/26_01_01_01_chain_disgust.wav,disgust
data/training/Actor_26/26_01_01_01_ripe_disgust.wav,disgust
data/training/Actor_26/26_01_01_01_rush_disgust.wav,disgust
data/training/Actor_26/26_01_01_01_fit_disgust.wav,disgust
data/training/Actor_26/26_01_01_01_pass_disgust.wav,disgust
data/training/Actor_26/26_01_01_01_haze_disgust.wav,disgust
data/training/Actor_26/26_01_01_01_void_disgust.wav,disgust
data/training/Actor_26/26_01_01_01_gun_disgust.wav,disgust
data/training/Actor_26/26_01_01_01_knock_disgust.wav,disgust
data/training/Actor_26/26_01_01_01_ditch_disgust.wav,disgust
data/training/Actor_26/26_01_01_01_gaze_disgust.wav,disgust
data/training/Actor_26/26_01_01_01_raise_disgust.wav,disgust
data/training/Actor_26/26_01_01_01_said_disgust.wav,disgust
data/training/Actor_26/26_01_01_01_rose_disgust.wav,disgust
data/training/Actor_26/26_01_01_01_pearl_disgust.wav,disgust
data/training/Actor_26/26_01_01_01_king_disgust.wav,disgust
data/training/Actor_26/26_01_01_01_bite_disgust.wav,disgust
data/training/Actor_26/26_01_01_01_chief_disgust.wav,disgust
data/training/Actor_26/26_01_01_01_vine_disgust.wav,disgust
data/training/Actor_26/26_01_01_01_cab_disgust.wav,disgust
data/training/Actor_26/26_01_01_01_room_disgust.wav,disgust
data/training/Actor_26/26_01_01_01_lease_disgust.wav,disgust
data/training/Actor_26/26_01_01_01_soup_disgust.wav,disgust
data/training/Actor_26/26_01_01_01_rat_disgust.wav,disgust
data/training/Actor_26/26_01_01_01_laud_disgust.wav,disgust
data/training/Actor_26/26_01_01_01_beg_disgust.wav,disgust
data/training/Actor_26/26_01_01_01_hurl_disgust.wav,disgust
data/training/Actor_26/26_01_01_01_bean_disgust.wav,disgust
data/training/Actor_26/26_01_01_01_hit_disgust.wav,disgust
data/training/Actor_26/26_01_01_01_youth_disgust.wav,disgust
data/training/Actor_26/26_01_01_01_dime_disgust.wav,disgust
data/training/Actor_26/26_01_01_01_love_disgust.wav,disgust
data/training/Actor_26/26_01_01_01_check_disgust.wav,disgust
data/training/Actor_26/26_01_01_01_fail_disgust.wav,disgust
data/training/Actor_26/26_01_01_01_pole_disgust.wav,disgust
data/training/Actor_26/26_01_01_01_mill_disgust.wav,disgust
data/training/Actor_26/26_01_01_01_jar_disgust.wav,disgust
data/training/Actor_26/26_01_01_01_luck_disgust.wav,disgust
data/training/Actor_26/26_01_01_01_calm_disgust.wav,disgust
data/training/Actor_26/26_01_01_01_size_disgust.wav,disgust
data/training/Actor_26/26_01_01_01_rag_disgust.wav,disgust
data/training/Actor_26/26_01_01_01_bone_disgust.wav,disgust
data/training/Actor_26/26_01_01_01_witch_disgust.wav,disgust
data/training/Actor_26/26_01_01_01_vote_disgust.wav,disgust
data/training/Actor_26/26_01_01_01_week_disgust.wav,disgust
data/training/Actor_26/26_01_01_01_cool_disgust.wav,disgust
data/training/Actor_26/26_01_01_01_turn_disgust.wav,disgust
data/training/Actor_26/26_01_01_01_chair_disgust.wav,disgust
data/training/Actor_26/26_01_01_01_tell_disgust.wav,disgust
data/training/Actor_26/26_01_01_01_rain_disgust.wav,disgust
data/training/Actor_26/26_01_01_01_peg_disgust.wav,disgust
data/training/Actor_26/26_01_01_01_cheek_disgust.wav,disgust
data/training/Actor_26/26_01_01_01_kill_disgust.wav,disgust
data/training/Actor_26/26_01_01_01_shout_disgust.wav,disgust
data/training/Actor_26/26_01_01_01_lean_disgust.wav,disgust
data/training/Actor_26/26_01_01_01_dip_disgust.wav,disgust
data/training/Actor_26/26_01_01_01_kite_disgust.wav,disgust
data/training/Actor_26/26_01_01_01_lot_disgust.wav,disgust
data/training/Actor_26/26_01_01_01_take_disgust.wav,disgust
data/training/Actor_26/26_01_01_01_bath_disgust.wav,disgust
data/training/Actor_26/26_01_01_01_have_disgust.wav,disgust
data/training/Actor_26/26_01_01_01_page_disgust.wav,disgust
data/training/Actor_26/26_01_01_01_match_disgust.wav,disgust
data/training/Actor_26/26_01_01_01_sell_disgust.wav,disgust
data/training/Actor_26/26_01_01_01_jug_disgust.wav,disgust
data/training/Actor_26/26_01_01_01_dab_disgust.wav,disgust
data/training/Actor_19/19_01_01_01_dogs-sitting_disgust.wav,disgust
data/training/Actor_19/19_01_01_01_kids-talking_disgust.wav,disgust
data/training/Actor_19/19_01_02_02_dogs-sitting_disgust.wav,disgust
data/training/Actor_19/19_01_02_02_kids-talking_disgust.wav,disgust
data/training/Actor_19/19_01_01_02_kids-talking_disgust.wav,disgust
data/training/Actor_19/19_01_01_02_dogs-sitting_disgust.wav,disgust
data/training/Actor_19/19_01_02_01_kids-talking_disgust.wav,disgust
data/training/Actor_19/19_01_02_01_dogs-sitting_disgust.wav,disgust
data/training/Actor_10/10_01_02_01_kids-talking_disgust.wav,disgust
data/training/Actor_10/10_01_02_01_dogs-sitting_disgust.wav,disgust
data/training/Actor_10/10_01_01_02_kids-talking_disgust.wav,disgust
data/training/Actor_10/10_01_01_02_dogs-sitting_disgust.wav,disgust
data/training/Actor_10/10_01_02_02_dogs-sitting_disgust.wav,disgust
data/training/Actor_10/10_01_02_02_kids-talking_disgust.wav,disgust
data/training/Actor_10/10_01_01_01_dogs-sitting_disgust.wav,disgust
data/training/Actor_10/10_01_01_01_kids-talking_disgust.wav,disgust
data/training/Actor_04/04_01_02_02_dogs-sitting_disgust.wav,disgust
data/training/Actor_04/04_01_02_02_kids-talking_disgust.wav,disgust
data/training/Actor_04/04_01_01_01_dogs-sitting_disgust.wav,disgust
data/training/Actor_04/04_01_01_01_kids-talking_disgust.wav,disgust
data/training/Actor_04/04_01_02_01_kids-talking_disgust.wav,disgust
data/training/Actor_04/04_01_02_01_dogs-sitting_disgust.wav,disgust
data/training/Actor_04/04_01_01_02_kids-talking_disgust.wav,disgust
data/training/Actor_04/04_01_01_02_dogs-sitting_disgust.wav,disgust
data/training/Actor_03/03_01_02_01_dogs-sitting_disgust.wav,disgust
data/training/Actor_03/03_01_02_01_kids-talking_disgust.wav,disgust
data/training/Actor_03/03_01_01_02_dogs-sitting_disgust.wav,disgust
data/training/Actor_03/03_01_01_02_kids-talking_disgust.wav,disgust
data/training/Actor_03/03_01_02_02_kids-talking_disgust.wav,disgust
data/training/Actor_03/03_01_02_02_dogs-sitting_disgust.wav,disgust
data/training/Actor_03/03_01_01_01_kids-talking_disgust.wav,disgust
data/training/Actor_03/03_01_01_01_dogs-sitting_disgust.wav,disgust
data/training/Actor_02/02_01_01_02_dogs-sitting_disgust.wav,disgust
data/training/Actor_02/02_01_01_02_kids-talking_disgust.wav,disgust
data/training/Actor_02/02_01_02_01_dogs-sitting_disgust.wav,disgust
data/training/Actor_02/02_01_02_01_kids-talking_disgust.wav,disgust
data/training/Actor_02/02_01_01_01_kids-talking_disgust.wav,disgust
data/training/Actor_02/02_01_01_01_dogs-sitting_disgust.wav,disgust
data/training/Actor_02/02_01_02_02_kids-talking_disgust.wav,disgust
data/training/Actor_02/02_01_02_02_dogs-sitting_disgust.wav,disgust
data/training/Actor_05/05_01_01_01_dogs-sitting_disgust.wav,disgust
data/training/Actor_05/05_01_01_01_kids-talking_disgust.wav,disgust
data/training/Actor_05/05_01_02_02_dogs-sitting_disgust.wav,disgust
data/training/Actor_05/05_01_02_02_kids-talking_disgust.wav,disgust
data/training/Actor_05/05_01_01_02_kids-talking_disgust.wav,disgust
data/training/Actor_05/05_01_01_02_dogs-sitting_disgust.wav,disgust
data/training/Actor_05/05_01_02_01_kids-talking_disgust.wav,disgust
data/training/Actor_05/05_01_02_01_dogs-sitting_disgust.wav,disgust
data/training/Actor_12/12_01_02_01_dogs-sitting_disgust.wav,disgust
data/training/Actor_12/12_01_02_01_kids-talking_disgust.wav,disgust
data/training/Actor_12/12_01_01_02_dogs-sitting_disgust.wav,disgust
data/training/Actor_12/12_01_01_02_kids-talking_disgust.wav,disgust
data/training/Actor_12/12_01_02_02_kids-talking_disgust.wav,disgust
data/training/Actor_12/12_01_02_02_dogs-sitting_disgust.wav,disgust
data/training/Actor_12/12_01_01_01_kids-talking_disgust.wav,disgust
data/training/Actor_12/12_01_01_01_dogs-sitting_disgust.wav,disgust
data/training/Actor_23/23_01_02_02_kids-talking_disgust.wav,disgust
data/training/Actor_23/23_01_02_02_dogs-sitting_disgust.wav,disgust
data/training/Actor_23/23_01_01_01_kids-talking_disgust.wav,disgust
data/training/Actor_23/23_01_01_01_dogs-sitting_disgust.wav,disgust
data/training/Actor_23/23_01_02_01_dogs-sitting_disgust.wav,disgust
data/training/Actor_23/23_01_02_01_kids-talking_disgust.wav,disgust
data/training/Actor_23/23_01_01_02_dogs-sitting_disgust.wav,disgust
data/training/Actor_23/23_01_01_02_kids-talking_disgust.wav,disgust
data/training/Actor_24/24_01_02_01_kids-talking_disgust.wav,disgust
data/training/Actor_24/24_01_02_01_dogs-sitting_disgust.wav,disgust
data/training/Actor_24/24_01_01_02_kids-talking_disgust.wav,disgust
data/training/Actor_24/24_01_01_02_dogs-sitting_disgust.wav,disgust
data/training/Actor_24/24_01_02_02_dogs-sitting_disgust.wav,disgust
data/training/Actor_24/24_01_02_02_kids-talking_disgust.wav,disgust
data/training/Actor_24/24_01_01_01_dogs-sitting_disgust.wav,disgust
data/training/Actor_24/24_01_01_01_kids-talking_disgust.wav,disgust
data/training/Actor_25/25_01_01_01_rose_disgust.wav,disgust
data/training/Actor_25/25_01_01_01_nag_disgust.wav,disgust
data/training/Actor_25/25_01_01_01_neat_disgust.wav,disgust
data/training/Actor_25/25_01_01_01_knock_disgust.wav,disgust
data/training/Actor_25/25_01_01_01_said_disgust.wav,disgust
data/training/Actor_25/25_01_01_01_gaze_disgust.wav,disgust
data/training/Actor_25/25_01_01_01_haze_disgust.wav,disgust
data/training/Actor_25/25_01_01_01_pearl_disgust.wav,disgust
data/training/Actor_25/25_01_01_01_void_disgust.wav,disgust
data/training/Actor_25/25_01_01_01_rush_disgust.wav,disgust
data/training/Actor_25/25_01_01_01_ripe_disgust.wav,disgust
data/training/Actor_25/25_01_01_01_raise_disgust.wav,disgust
data/training/Actor_25/25_01_01_01_gun_disgust.wav,disgust
data/training/Actor_25/25_01_01_01_pass_disgust.wav,disgust
data/training/Actor_25/25_01_01_01_sheep_disgust.wav,disgust
data/training/Actor_25/25_01_01_01_ton_disgust.wav,disgust
data/training/Actor_25/25_01_01_01_pain_disgust.wav,disgust
data/training/Actor_25/25_01_01_01_kick_disgust.wav,disgust
data/training/Actor_25/25_01_01_01_voice_disgust.wav,disgust
data/training/Actor_25/25_01_01_01_mop_disgust.wav,disgust
data/training/Actor_25/25_01_01_01_keep_disgust.wav,disgust
data/training/Actor_25/25_01_01_01_when_disgust.wav,disgust
data/training/Actor_25/25_01_01_01_keg_disgust.wav,disgust
data/training/Actor_25/25_01_01_01_hire_disgust.wav,disgust
data/training/Actor_25/25_01_01_01_shawl_disgust.wav,disgust
data/training/Actor_25/25_01_01_01_jail_disgust.wav,disgust
data/training/Actor_25/25_01_01_01_germ_disgust.wav,disgust
data/training/Actor_25/25_01_01_01_life_disgust.wav,disgust
data/training/Actor_25/25_01_01_01_soap_disgust.wav,disgust
data/training/Actor_25/25_01_01_01_judge_disgust.wav,disgust
data/training/Actor_25/25_01_01_01_thin_disgust.wav,disgust
data/training/Actor_25/25_01_01_01_mode_disgust.wav,disgust
data/training/Actor_25/25_01_01_01_raid_disgust.wav,disgust
data/training/Actor_25/25_01_01_01_hash_disgust.wav,disgust
data/training/Actor_25/25_01_01_01_lid_disgust.wav,disgust
data/training/Actor_25/25_01_01_01_page_disgust.wav,disgust
data/training/Actor_25/25_01_01_01_thought_disgust.wav,disgust
data/training/Actor_25/25_01_01_01_peg_disgust.wav,disgust
data/training/Actor_25/25_01_01_01_have_disgust.wav,disgust
data/training/Actor_25/25_01_01_01_lot_disgust.wav,disgust
data/training/Actor_25/25_01_01_01_sell_disgust.wav,disgust
data/training/Actor_25/25_01_01_01_lean_disgust.wav,disgust
data/training/Actor_25/25_01_01_01_kill_disgust.wav,disgust
data/training/Actor_25/25_01_01_01_witch_disgust.wav,disgust
data/training/Actor_25/25_01_01_01_near_disgust.wav,disgust
data/training/Actor_25/25_01_01_01_take_disgust.wav,disgust
data/training/Actor_25/25_01_01_01_jug_disgust.wav,disgust
data/training/Actor_25/25_01_01_01_kite_disgust.wav,disgust
data/training/Actor_25/25_01_01_01_rag_disgust.wav,disgust
data/training/Actor_25/25_01_01_01_match_disgust.wav,disgust
data/training/Actor_25/25_01_01_01_turn_disgust.wav,disgust
data/training/Actor_25/25_01_01_01_tell_disgust.wav,disgust
data/training/Actor_25/25_01_01_01_rain_disgust.wav,disgust
data/training/Actor_25/25_01_01_01_size_disgust.wav,disgust
data/training/Actor_25/25_01_01_01_week_disgust.wav,disgust
data/training/Actor_25/25_01_01_01_vote_disgust.wav,disgust
data/training/Actor_25/25_01_01_01_shout_disgust.wav,disgust
data/training/Actor_25/25_01_01_01_pole_disgust.wav,disgust
data/training/Actor_25/25_01_01_01_mill_disgust.wav,disgust
data/training/Actor_25/25_01_01_01_luck_disgust.wav,disgust
data/training/Actor_25/25_01_01_01_lease_disgust.wav,disgust
data/training/Actor_25/25_01_01_01_hit_disgust.wav,disgust
data/training/Actor_25/25_01_01_01_hurl_disgust.wav,disgust
data/training/Actor_25/25_01_01_01_laud_disgust.wav,disgust
data/training/Actor_25/25_01_01_01_love_disgust.wav,disgust
data/training/Actor_25/25_01_01_01_jar_disgust.wav,disgust
data/training/Actor_25/25_01_01_01_room_disgust.wav,disgust
data/training/Actor_25/25_01_01_01_soup_disgust.wav,disgust
data/training/Actor_25/25_01_01_01_vine_disgust.wav,disgust
data/training/Actor_25/25_01_01_01_youth_disgust.wav,disgust
data/training/Actor_25/25_01_01_01_king_disgust.wav,disgust
data/training/Actor_25/25_01_01_01_rat_disgust.wav,disgust
data/training/Actor_25/25_01_01_01_shack_disgust.wav,disgust
data/training/Actor_25/25_01_01_01_join_disgust.wav,disgust
data/training/Actor_25/25_01_01_01_merge_disgust.wav,disgust
data/training/Actor_25/25_01_01_01_lose_disgust.wav,disgust
data/training/Actor_25/25_01_01_01_wash_disgust.wav,disgust
data/training/Actor_25/25_01_01_01_shirt_disgust.wav,disgust
data/training/Actor_25/25_01_01_01_search_disgust.wav,disgust
data/training/Actor_25/25_01_01_01_mouse_disgust.wav,disgust
data/training/Actor_25/25_01_01_01_food_disgust.wav,disgust
data/training/Actor_25/25_01_01_01_limb_disgust.wav,disgust
data/training/Actor_25/25_01_01_01_team_disgust.wav,disgust
data/training/Actor_25/25_01_01_01_tape_disgust.wav,disgust
data/training/Actor_25/25_01_01_01_south_disgust.wav,disgust
data/training/Actor_25/25_01_01_01_keen_disgust.wav,disgust
data/training/Actor_25/25_01_01_01_gas_disgust.wav,disgust
data/training/Actor_25/25_01_01_01_yearn_disgust.wav,disgust
data/training/Actor_25/25_01_01_01_sure_disgust.wav,disgust
data/training/Actor_25/25_01_01_01_seize_disgust.wav,disgust
data/training/Actor_25/25_01_01_01_wire_disgust.wav,disgust
data/training/Actor_25/25_01_01_01_loaf_disgust.wav,disgust
data/training/Actor_25/25_01_01_01_learn_disgust.wav,disgust
data/training/Actor_25/25_01_01_01_nice_disgust.wav,disgust
data/training/Actor_25/25_01_01_01_lore_disgust.wav,disgust
data/training/Actor_25/25_01_01_01_hall_disgust.wav,disgust
data/training/Actor_25/25_01_01_01_hate_disgust.wav,disgust
data/training/Actor_25/25_01_01_01_get_disgust.wav,disgust
data/training/Actor_25/25_01_01_01_sail_disgust.wav,disgust
data/training/Actor_25/25_01_01_01_such_disgust.wav,disgust
data/training/Actor_25/25_01_01_01_good_disgust.wav,disgust
data/training/Actor_25/25_01_01_01_talk_disgust.wav,disgust
data/training/Actor_25/25_01_01_01_read_disgust.wav,disgust
data/training/Actor_25/25_01_01_01_mob_disgust.wav,disgust
data/training/Actor_25/25_01_01_01_name_disgust.wav,disgust
data/training/Actor_25/25_01_01_01_sour_disgust.wav,disgust
data/training/Actor_25/25_01_01_01_rough_disgust.wav,disgust
data/training/Actor_25/25_01_01_01_wag_disgust.wav,disgust
data/training/Actor_25/25_01_01_01_numb_disgust.wav,disgust
data/training/Actor_25/25_01_01_01_pike_disgust.wav,disgust
data/training/Actor_25/25_01_01_01_goal_disgust.wav,disgust
data/training/Actor_25/25_01_01_01_live_disgust.wav,disgust
data/training/Actor_25/25_01_01_01_tip_disgust.wav,disgust
data/training/Actor_25/25_01_01_01_moon_disgust.wav,disgust
data/training/Actor_25/25_01_01_01_juice_disgust.wav,disgust
data/training/Actor_25/25_01_01_01_long_disgust.wav,disgust
data/training/Actor_25/25_01_01_01_pool_disgust.wav,disgust
data/training/Actor_25/25_01_01_01_hole_disgust.wav,disgust
data/training/Actor_25/25_01_01_01_phone_disgust.wav,disgust
data/training/Actor_25/25_01_01_01_five_disgust.wav,disgust
data/training/Actor_25/25_01_01_01_time_disgust.wav,disgust
data/training/Actor_25/25_01_01_01_gin_disgust.wav,disgust
data/training/Actor_25/25_01_01_01_rot_disgust.wav,disgust
data/training/Actor_25/25_01_01_01_whip_disgust.wav,disgust
data/training/Actor_25/25_01_01_01_pick_disgust.wav,disgust
data/training/Actor_25/25_01_01_01_half_disgust.wav,disgust
data/training/Actor_25/25_01_01_01_which_disgust.wav,disgust
data/training/Actor_25/25_01_01_01_hush_disgust.wav,disgust
data/training/Actor_25/25_01_01_01_sub_disgust.wav,disgust
data/training/Actor_25/25_01_01_01_met_disgust.wav,disgust
data/training/Actor_25/25_01_01_01_mess_disgust.wav,disgust
data/training/Actor_25/25_01_01_01_mood_disgust.wav,disgust
data/training/Actor_25/25_01_01_01_young_disgust.wav,disgust
data/training/Actor_25/25_01_01_01_road_disgust.wav,disgust
data/training/Actor_25/25_01_01_01_tire_disgust.wav,disgust
data/training/Actor_25/25_01_01_01_make_disgust.wav,disgust
data/training/Actor_25/25_01_01_01_yes_disgust.wav,disgust
data/training/Actor_25/25_01_01_01_white_disgust.wav,disgust
data/training/Actor_25/25_01_01_01_wife_disgust.wav,disgust
data/training/Actor_25/25_01_01_01_walk_disgust.wav,disgust
data/training/Actor_25/25_01_01_01_puff_disgust.wav,disgust
data/training/Actor_25/25_01_01_01_tool_disgust.wav,disgust
data/training/Actor_25/25_01_01_01_ring_disgust.wav,disgust
data/training/Actor_25/25_01_01_01_red_disgust.wav,disgust
data/training/Actor_25/25_01_01_01_third_disgust.wav,disgust
data/training/Actor_25/25_01_01_01_goose_disgust.wav,disgust
data/training/Actor_25/25_01_01_01_gap_disgust.wav,disgust
data/training/Actor_25/25_01_01_01_shall_disgust.wav,disgust
data/training/Actor_25/25_01_01_01_thumb_disgust.wav,disgust
data/training/Actor_25/25_01_01_01_home_disgust.wav,disgust
data/training/Actor_25/25_01_01_01_tough_disgust.wav,disgust
data/training/Actor_25/25_01_01_01_wheat_disgust.wav,disgust
data/training/Actor_25/25_01_01_01_pad_disgust.wav,disgust
data/training/Actor_25/25_01_01_01_perch_disgust.wav,disgust
data/training/Actor_25/25_01_01_01_reach_disgust.wav,disgust
data/training/Actor_25/25_01_01_01_should_disgust.wav,disgust
data/training/Actor_25/25_01_01_01_late_disgust.wav,disgust
data/training/Actor_25/25_01_01_01_note_disgust.wav,disgust
data/training/Actor_22/22_01_01_01_kids-talking_disgust.wav,disgust
data/training/Actor_22/22_01_01_01_dogs-sitting_disgust.wav,disgust
data/training/Actor_22/22_01_02_02_kids-talking_disgust.wav,disgust
data/training/Actor_22/22_01_02_02_dogs-sitting_disgust.wav,disgust
data/training/Actor_22/22_01_01_02_dogs-sitting_disgust.wav,disgust
data/training/Actor_22/22_01_01_02_kids-talking_disgust.wav,disgust
data/training/Actor_22/22_01_02_01_dogs-sitting_disgust.wav,disgust
data/training/Actor_22/22_01_02_01_kids-talking_disgust.wav,disgust
data/training/Actor_13/13_01_01_02_dogs-sitting_disgust.wav,disgust
data/training/Actor_13/13_01_01_02_kids-talking_disgust.wav,disgust
data/training/Actor_13/13_01_02_01_dogs-sitting_disgust.wav,disgust
data/training/Actor_13/13_01_02_01_kids-talking_disgust.wav,disgust
data/training/Actor_13/13_01_01_01_kids-talking_disgust.wav,disgust
data/training/Actor_13/13_01_01_01_dogs-sitting_disgust.wav,disgust
data/training/Actor_13/13_01_02_02_kids-talking_disgust.wav,disgust
data/training/Actor_13/13_01_02_02_dogs-sitting_disgust.wav,disgust
data/training/Actor_09/09_01_02_02_dogs-sitting_disgust.wav,disgust
data/training/Actor_09/09_01_02_02_kids-talking_disgust.wav,disgust
data/training/Actor_09/09_01_01_01_dogs-sitting_disgust.wav,disgust
data/training/Actor_09/09_01_01_01_kids-talking_disgust.wav,disgust
data/training/Actor_09/09_01_02_01_kids-talking_disgust.wav,disgust
data/training/Actor_09/09_01_02_01_dogs-sitting_disgust.wav,disgust
data/training/Actor_09/09_01_01_02_kids-talking_disgust.wav,disgust
data/training/Actor_09/09_01_01_02_dogs-sitting_disgust.wav,disgust
data/training/Actor_07/07_01_01_01_kids-talking_disgust.wav,disgust
data/training/Actor_07/07_01_01_01_dogs-sitting_disgust.wav,disgust
data/training/Actor_07/07_01_02_02_kids-talking_disgust.wav,disgust
data/training/Actor_07/07_01_02_02_dogs-sitting_disgust.wav,disgust
data/training/Actor_07/07_01_01_02_dogs-sitting_disgust.wav,disgust
data/training/Actor_07/07_01_01_02_kids-talking_disgust.wav,disgust
data/training/Actor_07/07_01_02_01_dogs-sitting_disgust.wav,disgust
data/training/Actor_07/07_01_02_01_kids-talking_disgust.wav,disgust
data/training/Actor_06/06_01_02_02_kids-talking_disgust.wav,disgust
data/training/Actor_06/06_01_02_02_dogs-sitting_disgust.wav,disgust
data/training/Actor_06/06_01_01_01_kids-talking_disgust.wav,disgust
data/training/Actor_06/06_01_01_01_dogs-sitting_disgust.wav,disgust
data/training/Actor_06/06_01_02_01_dogs-sitting_disgust.wav,disgust
data/training/Actor_06/06_01_02_01_kids-talking_disgust.wav,disgust
data/training/Actor_06/06_01_01_02_dogs-sitting_disgust.wav,disgust
data/training/Actor_06/06_01_01_02_kids-talking_disgust.wav,disgust
data/training/Actor_01/01_01_02_01_kids-talking_disgust.wav,disgust
data/training/Actor_01/01_01_02_01_dogs-sitting_disgust.wav,disgust
data/training/Actor_01/01_01_01_02_kids-talking_disgust.wav,disgust
data/training/Actor_01/01_01_01_02_dogs-sitting_disgust.wav,disgust
data/training/Actor_01/01_01_02_02_dogs-sitting_disgust.wav,disgust
data/training/Actor_01/01_01_02_02_kids-talking_disgust.wav,disgust
data/training/Actor_01/01_01_01_01_dogs-sitting_disgust.wav,disgust
data/training/Actor_01/01_01_01_01_kids-talking_disgust.wav,disgust
data/training/Actor_08/08_01_01_01_dogs-sitting_disgust.wav,disgust
data/training/Actor_08/08_01_01_01_kids-talking_disgust.wav,disgust
data/training/Actor_08/08_01_02_02_dogs-sitting_disgust.wav,disgust
data/training/Actor_08/08_01_02_02_kids-talking_disgust.wav,disgust
data/training/Actor_08/08_01_01_02_kids-talking_disgust.wav,disgust
data/training/Actor_08/08_01_01_02_dogs-sitting_disgust.wav,disgust
data/training/Actor_08/08_01_02_01_kids-talking_disgust.wav,disgust
data/training/Actor_08/08_01_02_01_dogs-sitting_disgust.wav,disgust
data/training/Actor_16/03-02-02-02-01-01-16_calm.wav,calm
data/training/Actor_16/03-02-02-01-01-02-16_calm.wav,calm
data/training/Actor_16/03-02-02-01-02-01-16_calm.wav,calm
data/training/Actor_16/03-02-02-02-02-02-16_calm.wav,calm
data/training/Actor_16/03-02-02-02-02-01-16_calm.wav,calm
data/training/Actor_16/03-02-02-01-02-02-16_calm.wav,calm
data/training/Actor_16/03-02-02-01-01-01-16_calm.wav,calm
data/training/Actor_16/03-02-02-02-01-02-16_calm.wav,calm
data/training/Actor_11/03-02-02-01-01-01-11_calm.wav,calm
data/training/Actor_11/03-01-02-01-01-02-11_calm.wav,calm
data/training/Actor_11/03-01-02-02-01-01-11_calm.wav,calm
data/training/Actor_11/03-02-02-02-01-02-11_calm.wav,calm
data/training/Actor_11/03-01-02-02-02-02-11_calm.wav,calm
data/training/Actor_11/03-02-02-02-02-01-11_calm.wav,calm
data/training/Actor_11/03-02-02-01-02-02-11_calm.wav,calm
data/training/Actor_11/03-01-02-01-02-01-11_calm.wav,calm
data/training/Actor_11/03-01-02-01-02-02-11_calm.wav,calm
data/training/Actor_11/03-02-02-01-02-01-11_calm.wav,calm
data/training/Actor_11/03-02-02-02-02-02-11_calm.wav,calm
data/training/Actor_11/03-01-02-02-02-01-11_calm.wav,calm
data/training/Actor_11/03-02-02-02-01-01-11_calm.wav,calm
data/training/Actor_11/03-01-02-02-01-02-11_calm.wav,calm
data/training/Actor_11/03-01-02-01-01-01-11_calm.wav,calm
data/training/Actor_11/03-02-02-01-01-02-11_calm.wav,calm
data/training/Actor_18/03-01-02-02-02-02-18_calm.wav,calm
data/training/Actor_18/03-01-02-01-02-01-18_calm.wav,calm
data/training/Actor_18/03-01-02-01-01-02-18_calm.wav,calm
data/training/Actor_18/03-01-02-02-01-01-18_calm.wav,calm
data/training/Actor_18/03-01-02-02-01-02-18_calm.wav,calm
data/training/Actor_18/03-01-02-01-01-01-18_calm.wav,calm
data/training/Actor_18/03-01-02-01-02-02-18_calm.wav,calm
data/training/Actor_18/03-01-02-02-02-01-18_calm.wav,calm
data/training/Actor_20/03-02-02-01-02-01-20_calm.wav,calm
data/training/Actor_20/03-01-02-01-02-02-20_calm.wav,calm
data/training/Actor_20/03-01-02-02-02-01-20_calm.wav,calm
data/training/Actor_20/03-02-02-02-02-02-20_calm.wav,calm
data/training/Actor_20/03-01-02-02-01-02-20_calm.wav,calm
data/training/Actor_20/03-02-02-02-01-01-20_calm.wav,calm
data/training/Actor_20/03-02-02-01-01-02-20_calm.wav,calm
data/training/Actor_20/03-01-02-01-01-01-20_calm.wav,calm
data/training/Actor_20/03-01-02-01-01-02-20_calm.wav,calm
data/training/Actor_20/03-02-02-01-01-01-20_calm.wav,calm
data/training/Actor_20/03-02-02-02-01-02-20_calm.wav,calm
data/training/Actor_20/03-01-02-02-01-01-20_calm.wav,calm
data/training/Actor_20/03-02-02-02-02-01-20_calm.wav,calm
data/training/Actor_20/03-01-02-02-02-02-20_calm.wav,calm
data/training/Actor_20/03-01-02-01-02-01-20_calm.wav,calm
data/training/Actor_20/03-02-02-01-02-02-20_calm.wav,calm
data/training/Actor_21/03-02-02-01-02-01-21_calm.wav,calm
data/training/Actor_21/03-01-02-01-02-02-21_calm.wav,calm
data/training/Actor_21/03-01-02-02-02-01-21_calm.wav,calm
data/training/Actor_21/03-02-02-02-02-02-21_calm.wav,calm
data/training/Actor_21/03-01-02-02-01-02-21_calm.wav,calm
data/training/Actor_21/03-02-02-02-01-01-21_calm.wav,calm
data/training/Actor_21/03-02-02-01-01-02-21_calm.wav,calm
data/training/Actor_21/03-01-02-01-01-01-21_calm.wav,calm
data/training/Actor_21/03-01-02-01-01-02-21_calm.wav,calm
data/training/Actor_21/03-02-02-01-01-01-21_calm.wav,calm
data/training/Actor_21/03-02-02-02-01-02-21_calm.wav,calm
data/training/Actor_21/03-01-02-02-01-01-21_calm.wav,calm
data/training/Actor_21/03-02-02-02-02-01-21_calm.wav,calm
data/training/Actor_21/03-01-02-02-02-02-21_calm.wav,calm
data/training/Actor_21/03-01-02-01-02-01-21_calm.wav,calm
data/training/Actor_21/03-02-02-01-02-02-21_calm.wav,calm
data/training/Actor_19/03-01-02-02-02-02-19_calm.wav,calm
data/training/Actor_19/03-02-02-02-02-01-19_calm.wav,calm
data/training/Actor_19/03-02-02-01-02-02-19_calm.wav,calm
data/training/Actor_19/03-01-02-01-02-01-19_calm.wav,calm
data/training/Actor_19/03-02-02-01-01-01-19_calm.wav,calm
data/training/Actor_19/03-01-02-01-01-02-19_calm.wav,calm
data/training/Actor_19/03-01-02-02-01-01-19_calm.wav,calm
data/training/Actor_19/03-02-02-02-01-02-19_calm.wav,calm
data/training/Actor_19/03-02-02-02-01-01-19_calm.wav,calm
data/training/Actor_19/03-01-02-02-01-02-19_calm.wav,calm
data/training/Actor_19/03-01-02-01-01-01-19_calm.wav,calm
data/training/Actor_19/03-02-02-01-01-02-19_calm.wav,calm
data/training/Actor_19/03-01-02-01-02-02-19_calm.wav,calm
data/training/Actor_19/03-02-02-01-02-01-19_calm.wav,calm
data/training/Actor_19/03-02-02-02-02-02-19_calm.wav,calm
data/training/Actor_19/03-01-02-02-02-01-19_calm.wav,calm
data/training/Actor_10/03-02-02-01-01-01-10_calm.wav,calm
data/training/Actor_10/03-01-02-01-01-02-10_calm.wav,calm
data/training/Actor_10/03-01-02-02-01-01-10_calm.wav,calm
data/training/Actor_10/03-02-02-02-01-02-10_calm.wav,calm
data/training/Actor_10/03-01-02-02-02-02-10_calm.wav,calm
data/training/Actor_10/03-02-02-02-02-01-10_calm.wav,calm
data/training/Actor_10/03-02-02-01-02-02-10_calm.wav,calm
data/training/Actor_10/03-01-02-01-02-01-10_calm.wav,calm
data/training/Actor_10/03-01-02-01-02-02-10_calm.wav,calm
data/training/Actor_10/03-02-02-01-02-01-10_calm.wav,calm
data/training/Actor_10/03-02-02-02-02-02-10_calm.wav,calm
data/training/Actor_10/03-01-02-02-02-01-10_calm.wav,calm
data/training/Actor_10/03-02-02-02-01-01-10_calm.wav,calm
data/training/Actor_10/03-01-02-02-01-02-10_calm.wav,calm
data/training/Actor_10/03-01-02-01-01-01-10_calm.wav,calm
data/training/Actor_10/03-02-02-01-01-02-10_calm.wav,calm
data/training/Actor_17/03-02-02-02-01-01-17_calm.wav,calm
data/training/Actor_17/03-02-02-01-01-02-17_calm.wav,calm
data/training/Actor_17/03-02-02-01-02-01-17_calm.wav,calm
data/training/Actor_17/03-02-02-02-02-02-17_calm.wav,calm
data/training/Actor_17/03-02-02-02-02-01-17_calm.wav,calm
data/training/Actor_17/03-02-02-01-02-02-17_calm.wav,calm
data/training/Actor_17/03-02-02-01-01-01-17_calm.wav,calm
data/training/Actor_17/03-02-02-02-01-02-17_calm.wav,calm
data/training/Actor_04/03-01-02-02-01-01-04_calm.wav,calm
data/training/Actor_04/03-02-02-02-01-02-04_calm.wav,calm
data/training/Actor_04/03-02-02-01-01-01-04_calm.wav,calm
data/training/Actor_04/03-01-02-01-01-02-04_calm.wav,calm
data/training/Actor_04/03-02-02-01-02-02-04_calm.wav,calm
data/training/Actor_04/03-01-02-01-02-01-04_calm.wav,calm
data/training/Actor_04/03-01-02-02-02-02-04_calm.wav,calm
data/training/Actor_04/03-02-02-02-02-01-04_calm.wav,calm
data/training/Actor_04/03-02-02-02-02-02-04_calm.wav,calm
data/training/Actor_04/03-01-02-02-02-01-04_calm.wav,calm
data/training/Actor_04/03-01-02-01-02-02-04_calm.wav,calm
data/training/Actor_04/03-02-02-01-02-01-04_calm.wav,calm
data/training/Actor_04/03-01-02-01-01-01-04_calm.wav,calm
data/training/Actor_04/03-02-02-01-01-02-04_calm.wav,calm
data/training/Actor_04/03-02-02-02-01-01-04_calm.wav,calm
data/training/Actor_04/03-01-02-02-01-02-04_calm.wav,calm
data/training/Actor_03/03-01-02-01-01-01-03_calm.wav,calm
data/training/Actor_03/03-02-02-01-01-02-03_calm.wav,calm
data/training/Actor_03/03-02-02-02-01-01-03_calm.wav,calm
data/training/Actor_03/03-01-02-02-01-02-03_calm.wav,calm
data/training/Actor_03/03-02-02-02-02-02-03_calm.wav,calm
data/training/Actor_03/03-01-02-02-02-01-03_calm.wav,calm
data/training/Actor_03/03-01-02-01-02-02-03_calm.wav,calm
data/training/Actor_03/03-02-02-01-02-01-03_calm.wav,calm
data/training/Actor_03/03-02-02-01-02-02-03_calm.wav,calm
data/training/Actor_03/03-01-02-01-02-01-03_calm.wav,calm
data/training/Actor_03/03-01-02-02-02-02-03_calm.wav,calm
data/training/Actor_03/03-02-02-02-02-01-03_calm.wav,calm
data/training/Actor_03/03-01-02-02-01-01-03_calm.wav,calm
data/training/Actor_03/03-02-02-02-01-02-03_calm.wav,calm
data/training/Actor_03/03-02-02-01-01-01-03_calm.wav,calm
data/training/Actor_03/03-01-02-01-01-02-03_calm.wav,calm
data/training/Actor_02/03-01-02-01-01-01-02_calm.wav,calm
data/training/Actor_02/03-02-02-01-01-02-02_calm.wav,calm
data/training/Actor_02/03-02-02-02-01-01-02_calm.wav,calm
data/training/Actor_02/03-01-02-02-01-02-02_calm.wav,calm
data/training/Actor_02/03-02-02-02-02-02-02_calm.wav,calm
data/training/Actor_02/03-01-02-02-02-01-02_calm.wav,calm
data/training/Actor_02/03-01-02-01-02-02-02_calm.wav,calm
data/training/Actor_02/03-02-02-01-02-01-02_calm.wav,calm
data/training/Actor_02/03-02-02-01-02-02-02_calm.wav,calm
data/training/Actor_02/03-01-02-01-02-01-02_calm.wav,calm
data/training/Actor_02/03-01-02-02-02-02-02_calm.wav,calm
data/training/Actor_02/03-02-02-02-02-01-02_calm.wav,calm
data/training/Actor_02/03-01-02-02-01-01-02_calm.wav,calm
data/training/Actor_02/03-02-02-02-01-02-02_calm.wav,calm
data/training/Actor_02/03-02-02-01-01-01-02_calm.wav,calm
data/training/Actor_02/03-01-02-01-01-02-02_calm.wav,calm
data/training/Actor_05/03-01-02-02-01-01-05_calm.wav,calm
data/training/Actor_05/03-02-02-02-01-02-05_calm.wav,calm
data/training/Actor_05/03-02-02-01-01-01-05_calm.wav,calm
data/training/Actor_05/03-01-02-01-01-02-05_calm.wav,calm
data/training/Actor_05/03-02-02-01-02-02-05_calm.wav,calm
data/training/Actor_05/03-01-02-01-02-01-05_calm.wav,calm
data/training/Actor_05/03-01-02-02-02-02-05_calm.wav,calm
data/training/Actor_05/03-02-02-02-02-01-05_calm.wav,calm
data/training/Actor_05/03-02-02-02-02-02-05_calm.wav,calm
data/training/Actor_05/03-01-02-02-02-01-05_calm.wav,calm
data/training/Actor_05/03-01-02-01-02-02-05_calm.wav,calm
data/training/Actor_05/03-02-02-01-02-01-05_calm.wav,calm
data/training/Actor_05/03-01-02-01-01-01-05_calm.wav,calm
data/training/Actor_05/03-02-02-01-01-02-05_calm.wav,calm
data/training/Actor_05/03-02-02-02-01-01-05_calm.wav,calm
data/training/Actor_05/03-01-02-02-01-02-05_calm.wav,calm
data/training/Actor_12/03-02-02-01-02-02-12_calm.wav,calm
data/training/Actor_12/03-01-02-01-02-01-12_calm.wav,calm
data/training/Actor_12/03-01-02-02-02-02-12_calm.wav,calm
data/training/Actor_12/03-02-02-02-02-01-12_calm.wav,calm
data/training/Actor_12/03-01-02-02-01-01-12_calm.wav,calm
data/training/Actor_12/03-02-02-02-01-02-12_calm.wav,calm
data/training/Actor_12/03-02-02-01-01-01-12_calm.wav,calm
data/training/Actor_12/03-01-02-01-01-02-12_calm.wav,calm
data/training/Actor_12/03-01-02-01-01-01-12_calm.wav,calm
data/training/Actor_12/03-02-02-01-01-02-12_calm.wav,calm
data/training/Actor_12/03-02-02-02-01-01-12_calm.wav,calm
data/training/Actor_12/03-01-02-02-01-02-12_calm.wav,calm
data/training/Actor_12/03-02-02-02-02-02-12_calm.wav,calm
data/training/Actor_12/03-01-02-02-02-01-12_calm.wav,calm
data/training/Actor_12/03-01-02-01-02-02-12_calm.wav,calm
data/training/Actor_12/03-02-02-01-02-01-12_calm.wav,calm
data/training/Actor_15/03-02-02-02-02-02-15_calm.wav,calm
data/training/Actor_15/03-02-02-01-02-01-15_calm.wav,calm
data/training/Actor_15/03-02-02-01-01-02-15_calm.wav,calm
data/training/Actor_15/03-02-02-02-01-01-15_calm.wav,calm
data/training/Actor_15/03-02-02-02-01-02-15_calm.wav,calm
data/training/Actor_15/03-02-02-01-01-01-15_calm.wav,calm
data/training/Actor_15/03-02-02-01-02-02-15_calm.wav,calm
data/training/Actor_15/03-02-02-02-02-01-15_calm.wav,calm
data/training/Actor_23/03-02-02-01-01-02-23_calm.wav,calm
data/training/Actor_23/03-01-02-01-01-01-23_calm.wav,calm
data/training/Actor_23/03-01-02-02-01-02-23_calm.wav,calm
data/training/Actor_23/03-02-02-02-01-01-23_calm.wav,calm
data/training/Actor_23/03-01-02-02-02-01-23_calm.wav,calm
data/training/Actor_23/03-02-02-02-02-02-23_calm.wav,calm
data/training/Actor_23/03-02-02-01-02-01-23_calm.wav,calm
data/training/Actor_23/03-01-02-01-02-02-23_calm.wav,calm
data/training/Actor_23/03-01-02-01-02-01-23_calm.wav,calm
data/training/Actor_23/03-02-02-01-02-02-23_calm.wav,calm
data/training/Actor_23/03-02-02-02-02-01-23_calm.wav,calm
data/training/Actor_23/03-01-02-02-02-02-23_calm.wav,calm
data/training/Actor_23/03-02-02-02-01-02-23_calm.wav,calm
data/training/Actor_23/03-01-02-02-01-01-23_calm.wav,calm
data/training/Actor_23/03-01-02-01-01-02-23_calm.wav,calm
data/training/Actor_23/03-02-02-01-01-01-23_calm.wav,calm
data/training/Actor_24/03-02-02-02-01-02-24_calm.wav,calm
data/training/Actor_24/03-01-02-02-01-01-24_calm.wav,calm
data/training/Actor_24/03-01-02-01-01-02-24_calm.wav,calm
data/training/Actor_24/03-02-02-01-01-01-24_calm.wav,calm
data/training/Actor_24/03-01-02-01-02-01-24_calm.wav,calm
data/training/Actor_24/03-02-02-01-02-02-24_calm.wav,calm
data/training/Actor_24/03-02-02-02-02-01-24_calm.wav,calm
data/training/Actor_24/03-01-02-02-02-02-24_calm.wav,calm
data/training/Actor_24/03-01-02-02-02-01-24_calm.wav,calm
data/training/Actor_24/03-02-02-02-02-02-24_calm.wav,calm
data/training/Actor_24/03-02-02-01-02-01-24_calm.wav,calm
data/training/Actor_24/03-01-02-01-02-02-24_calm.wav,calm
data/training/Actor_24/03-02-02-01-01-02-24_calm.wav,calm
data/training/Actor_24/03-01-02-01-01-01-24_calm.wav,calm
data/training/Actor_24/03-01-02-02-01-02-24_calm.wav,calm
data/training/Actor_24/03-02-02-02-01-01-24_calm.wav,calm
data/training/Actor_22/03-02-02-01-01-02-22_calm.wav,calm
data/training/Actor_22/03-01-02-01-01-01-22_calm.wav,calm
data/training/Actor_22/03-01-02-02-01-02-22_calm.wav,calm
data/training/Actor_22/03-02-02-02-01-01-22_calm.wav,calm
data/training/Actor_22/03-01-02-02-02-01-22_calm.wav,calm
data/training/Actor_22/03-02-02-02-02-02-22_calm.wav,calm
data/training/Actor_22/03-02-02-01-02-01-22_calm.wav,calm
data/training/Actor_22/03-01-02-01-02-02-22_calm.wav,calm
data/training/Actor_22/03-01-02-01-02-01-22_calm.wav,calm
data/training/Actor_22/03-02-02-01-02-02-22_calm.wav,calm
data/training/Actor_22/03-02-02-02-02-01-22_calm.wav,calm
data/training/Actor_22/03-01-02-02-02-02-22_calm.wav,calm
data/training/Actor_22/03-02-02-02-01-02-22_calm.wav,calm
data/training/Actor_22/03-01-02-02-01-01-22_calm.wav,calm
data/training/Actor_22/03-01-02-01-01-02-22_calm.wav,calm
data/training/Actor_22/03-02-02-01-01-01-22_calm.wav,calm
data/training/Actor_14/03-02-02-02-02-02-14_calm.wav,calm
data/training/Actor_14/03-02-02-01-02-01-14_calm.wav,calm
data/training/Actor_14/03-02-02-01-01-02-14_calm.wav,calm
data/training/Actor_14/03-02-02-02-01-01-14_calm.wav,calm
data/training/Actor_14/03-02-02-02-01-02-14_calm.wav,calm
data/training/Actor_14/03-02-02-01-01-01-14_calm.wav,calm
data/training/Actor_14/03-02-02-01-02-02-14_calm.wav,calm
data/training/Actor_14/03-02-02-02-02-01-14_calm.wav,calm
data/training/Actor_13/03-02-02-01-02-02-13_calm.wav,calm
data/training/Actor_13/03-01-02-01-02-01-13_calm.wav,calm
data/training/Actor_13/03-01-02-02-02-02-13_calm.wav,calm
data/training/Actor_13/03-02-02-02-02-01-13_calm.wav,calm
data/training/Actor_13/03-01-02-02-01-01-13_calm.wav,calm
data/training/Actor_13/03-02-02-02-01-02-13_calm.wav,calm
data/training/Actor_13/03-02-02-01-01-01-13_calm.wav,calm
data/training/Actor_13/03-01-02-01-01-02-13_calm.wav,calm
data/training/Actor_13/03-01-02-01-01-01-13_calm.wav,calm
data/training/Actor_13/03-02-02-01-01-02-13_calm.wav,calm
data/training/Actor_13/03-02-02-02-01-01-13_calm.wav,calm
data/training/Actor_13/03-01-02-02-01-02-13_calm.wav,calm
data/training/Actor_13/03-02-02-02-02-02-13_calm.wav,calm
data/training/Actor_13/03-01-02-02-02-01-13_calm.wav,calm
data/training/Actor_13/03-01-02-01-02-02-13_calm.wav,calm
data/training/Actor_13/03-02-02-01-02-01-13_calm.wav,calm
data/training/Actor_09/03-02-02-02-01-01-09_calm.wav,calm
data/training/Actor_09/03-01-02-02-01-02-09_calm.wav,calm
data/training/Actor_09/03-01-02-01-01-01-09_calm.wav,calm
data/training/Actor_09/03-02-02-01-01-02-09_calm.wav,calm
data/training/Actor_09/03-01-02-01-02-02-09_calm.wav,calm
data/training/Actor_09/03-02-02-01-02-01-09_calm.wav,calm
data/training/Actor_09/03-02-02-02-02-02-09_calm.wav,calm
data/training/Actor_09/03-01-02-02-02-01-09_calm.wav,calm
data/training/Actor_09/03-01-02-02-02-02-09_calm.wav,calm
data/training/Actor_09/03-02-02-02-02-01-09_calm.wav,calm
data/training/Actor_09/03-02-02-01-02-02-09_calm.wav,calm
data/training/Actor_09/03-01-02-01-02-01-09_calm.wav,calm
data/training/Actor_09/03-02-02-01-01-01-09_calm.wav,calm
data/training/Actor_09/03-01-02-01-01-02-09_calm.wav,calm
data/training/Actor_09/03-01-02-02-01-01-09_calm.wav,calm
data/training/Actor_09/03-02-02-02-01-02-09_calm.wav,calm
data/training/Actor_07/03-01-02-02-02-02-07_calm.wav,calm
data/training/Actor_07/03-02-02-02-02-01-07_calm.wav,calm
data/training/Actor_07/03-02-02-01-02-02-07_calm.wav,calm
data/training/Actor_07/03-01-02-01-02-01-07_calm.wav,calm
data/training/Actor_07/03-02-02-01-01-01-07_calm.wav,calm
data/training/Actor_07/03-01-02-01-01-02-07_calm.wav,calm
data/training/Actor_07/03-01-02-02-01-01-07_calm.wav,calm
data/training/Actor_07/03-02-02-02-01-02-07_calm.wav,calm
data/training/Actor_07/03-02-02-02-01-01-07_calm.wav,calm
data/training/Actor_07/03-01-02-02-01-02-07_calm.wav,calm
data/training/Actor_07/03-01-02-01-01-01-07_calm.wav,calm
data/training/Actor_07/03-02-02-01-01-02-07_calm.wav,calm
data/training/Actor_07/03-01-02-01-02-02-07_calm.wav,calm
data/training/Actor_07/03-02-02-01-02-01-07_calm.wav,calm
data/training/Actor_07/03-02-02-02-02-02-07_calm.wav,calm
data/training/Actor_07/03-01-02-02-02-01-07_calm.wav,calm
data/training/Actor_06/03-01-02-02-02-02-06_calm.wav,calm
data/training/Actor_06/03-02-02-02-02-01-06_calm.wav,calm
data/training/Actor_06/03-02-02-01-02-02-06_calm.wav,calm
data/training/Actor_06/03-01-02-01-02-01-06_calm.wav,calm
data/training/Actor_06/03-02-02-01-01-01-06_calm.wav,calm
data/training/Actor_06/03-01-02-01-01-02-06_calm.wav,calm
data/training/Actor_06/03-01-02-02-01-01-06_calm.wav,calm
data/training/Actor_06/03-02-02-02-01-02-06_calm.wav,calm
data/training/Actor_06/03-02-02-02-01-01-06_calm.wav,calm
data/training/Actor_06/03-01-02-02-01-02-06_calm.wav,calm
data/training/Actor_06/03-01-02-01-01-01-06_calm.wav,calm
data/training/Actor_06/03-02-02-01-01-02-06_calm.wav,calm
data/training/Actor_06/03-01-02-01-02-02-06_calm.wav,calm
data/training/Actor_06/03-02-02-01-02-01-06_calm.wav,calm
data/training/Actor_06/03-02-02-02-02-02-06_calm.wav,calm
data/training/Actor_06/03-01-02-02-02-01-06_calm.wav,calm
data/training/Actor_01/03-01-02-01-02-02-01_calm.wav,calm
data/training/Actor_01/03-02-02-01-02-01-01_calm.wav,calm
data/training/Actor_01/03-02-02-02-02-02-01_calm.wav,calm
data/training/Actor_01/03-01-02-02-02-01-01_calm.wav,calm
data/training/Actor_01/03-02-02-02-01-01-01_calm.wav,calm
data/training/Actor_01/03-01-02-02-01-02-01_calm.wav,calm
data/training/Actor_01/03-01-02-01-01-01-01_calm.wav,calm
data/training/Actor_01/03-02-02-01-01-02-01_calm.wav,calm
data/training/Actor_01/03-02-02-01-01-01-01_calm.wav,calm
data/training/Actor_01/03-01-02-01-01-02-01_calm.wav,calm
data/training/Actor_01/03-01-02-02-01-01-01_calm.wav,calm
data/training/Actor_01/03-02-02-02-01-02-01_calm.wav,calm
data/training/Actor_01/03-01-02-02-02-02-01_calm.wav,calm
data/training/Actor_01/03-02-02-02-02-01-01_calm.wav,calm
data/training/Actor_01/03-02-02-01-02-02-01_calm.wav,calm
data/training/Actor_01/03-01-02-01-02-01-01_calm.wav,calm
data/training/Actor_08/03-02-02-02-01-01-08_calm.wav,calm
data/training/Actor_08/03-01-02-02-01-02-08_calm.wav,calm
data/training/Actor_08/03-01-02-01-01-01-08_calm.wav,calm
data/training/Actor_08/03-02-02-01-01-02-08_calm.wav,calm
data/training/Actor_08/03-01-02-01-02-02-08_calm.wav,calm
data/training/Actor_08/03-02-02-01-02-01-08_calm.wav,calm
data/training/Actor_08/03-02-02-02-02-02-08_calm.wav,calm
data/training/Actor_08/03-01-02-02-02-01-08_calm.wav,calm
data/training/Actor_08/03-01-02-02-02-02-08_calm.wav,calm
data/training/Actor_08/03-02-02-02-02-01-08_calm.wav,calm
data/training/Actor_08/03-02-02-01-02-02-08_calm.wav,calm
data/training/Actor_08/03-01-02-01-02-01-08_calm.wav,calm
data/training/Actor_08/03-02-02-01-01-01-08_calm.wav,calm
data/training/Actor_08/03-01-02-01-01-02-08_calm.wav,calm
data/training/Actor_08/03-01-02-02-01-01-08_calm.wav,calm
data/training/Actor_08/03-02-02-02-01-02-08_calm.wav,calm
data/training/Actor_11/11_01_02_01_dogs-sitting_ps.wav,ps
data/training/Actor_11/11_01_02_02_dogs-sitting_ps.wav,ps
data/training/Actor_11/11_01_01_02_dogs-sitting_ps.wav,ps
data/training/Actor_11/11_01_01_01_dogs-sitting_ps.wav,ps
data/training/Actor_11/11_01_02_01_kids-talking_ps.wav,ps
data/training/Actor_11/11_01_02_02_kids-talking_ps.wav,ps
data/training/Actor_11/11_01_01_02_kids-talking_ps.wav,ps
data/training/Actor_11/11_01_01_01_kids-talking_ps.wav,ps
data/training/Actor_18/18_01_02_01_kids-talking_ps.wav,ps
data/training/Actor_18/18_01_02_02_kids-talking_ps.wav,ps
data/training/Actor_18/18_01_01_02_kids-talking_ps.wav,ps
data/training/Actor_18/18_01_01_01_kids-talking_ps.wav,ps
data/training/Actor_18/18_01_02_01_dogs-sitting_ps.wav,ps
data/training/Actor_18/18_01_02_02_dogs-sitting_ps.wav,ps
data/training/Actor_18/18_01_01_02_dogs-sitting_ps.wav,ps
data/training/Actor_18/18_01_01_01_dogs-sitting_ps.wav,ps
data/training/Actor_20/20_01_02_01_dogs-sitting_ps.wav,ps
data/training/Actor_20/20_01_02_02_dogs-sitting_ps.wav,ps
data/training/Actor_20/20_01_01_02_dogs-sitting_ps.wav,ps
data/training/Actor_20/20_01_01_01_dogs-sitting_ps.wav,ps
data/training/Actor_20/20_01_02_01_kids-talking_ps.wav,ps
data/training/Actor_20/20_01_02_02_kids-talking_ps.wav,ps
data/training/Actor_20/20_01_01_02_kids-talking_ps.wav,ps
data/training/Actor_20/20_01_01_01_kids-talking_ps.wav,ps
data/training/Actor_21/21_01_01_02_kids-talking_ps.wav,ps
data/training/Actor_21/21_01_01_01_kids-talking_ps.wav,ps
data/training/Actor_21/21_01_02_01_kids-talking_ps.wav,ps
data/training/Actor_21/21_01_02_02_kids-talking_ps.wav,ps
data/training/Actor_21/21_01_01_02_dogs-sitting_ps.wav,ps
data/training/Actor_21/21_01_01_01_dogs-sitting_ps.wav,ps
data/training/Actor_21/21_01_02_01_dogs-sitting_ps.wav,ps
data/training/Actor_21/21_01_02_02_dogs-sitting_ps.wav,ps
data/training/Actor_26/26_01_01_01_dab_ps.wav,ps
data/training/Actor_26/26_01_01_01_choice_ps.wav,ps
data/training/Actor_26/26_01_01_01_third_ps.wav,ps
data/training/Actor_26/26_01_01_01_jug_ps.wav,ps
data/training/Actor_26/26_01_01_01_bar_ps.wav,ps
data/training/Actor_26/26_01_01_01_goal_ps.wav,ps
data/training/Actor_26/26_01_01_01_join_ps.wav,ps
data/training/Actor_26/26_01_01_01_late_ps.wav,ps
data/training/Actor_26/26_01_01_01_pool_ps.wav,ps
data/training/Actor_26/26_01_01_01_make_ps.wav,ps
data/training/Actor_26/26_01_01_01_red_ps.wav,ps
data/training/Actor_26/26_01_01_01_merge_ps.wav,ps
data/training/Actor_26/26_01_01_01_peg_ps.wav,ps
data/training/Actor_26/26_01_01_01_ring_ps.wav,ps
data/training/Actor_26/26_01_01_01_lot_ps.wav,ps
data/training/Actor_26/26_01_01_01_rush_ps.wav,ps
data/training/Actor_26/26_01_01_01_doll_ps.wav,ps
data/training/Actor_26/26_01_01_01_door_ps.wav,ps
data/training/Actor_26/26_01_01_01_pass_ps.wav,ps
data/training/Actor_26/26_01_01_01_cause_ps.wav,ps
data/training/Actor_26/26_01_01_01_lean_ps.wav,ps
data/training/Actor_26/26_01_01_01_judge_ps.wav,ps
data/training/Actor_26/26_01_01_01_page_ps.wav,ps
data/training/Actor_26/26_01_01_01_tire_ps.wav,ps
data/training/Actor_26/26_01_01_01_room_ps.wav,ps
data/training/Actor_26/26_01_01_01_shirt_ps.wav,ps
data/training/Actor_26/26_01_01_01_bought_ps.wav,ps
data/training/Actor_26/26_01_01_01_soup_ps.wav,ps
data/training/Actor_26/26_01_01_01_which_ps.wav,ps
data/training/Actor_26/26_01_01_01_germ_ps.wav,ps
data/training/Actor_26/26_01_01_01_calm_ps.wav,ps
data/training/Actor_26/26_01_01_01_soap_ps.wav,ps
data/training/Actor_26/26_01_01_01_sour_ps.wav,ps
data/training/Actor_26/26_01_01_01_rot_ps.wav,ps
data/training/Actor_26/26_01_01_01_cool_ps.wav,ps
data/training/Actor_26/26_01_01_01_mob_ps.wav,ps
data/training/Actor_26/26_01_01_01_walk_ps.wav,ps
data/training/Actor_26/26_01_01_01_cheek_ps.wav,ps
data/training/Actor_26/26_01_01_01_life_ps.wav,ps
data/training/Actor_26/26_01_01_01_south_ps.wav,ps
data/training/Actor_26/26_01_01_01_rough_ps.wav,ps
data/training/Actor_26/26_01_01_01_mouse_ps.wav,ps
data/training/Actor_26/26_01_01_01_mess_ps.wav,ps
data/training/Actor_26/26_01_01_01_learn_ps.wav,ps
data/training/Actor_26/26_01_01_01_note_ps.wav,ps
data/training/Actor_26/26_01_01_01_long_ps.wav,ps
data/training/Actor_26/26_01_01_01_pick_ps.wav,ps
data/training/Actor_26/26_01_01_01_nice_ps.wav,ps
data/training/Actor_26/26_01_01_01_get_ps.wav,ps
data/training/Actor_26/26_01_01_01_young_ps.wav,ps
data/training/Actor_26/26_01_01_01_pearl_ps.wav,ps
data/training/Actor_26/26_01_01_01_base_ps.wav,ps
data/training/Actor_26/26_01_01_01_shawl_ps.wav,ps
data/training/Actor_26/26_01_01_01_king_ps.wav,ps
data/training/Actor_26/26_01_01_01_gas_ps.wav,ps
data/training/Actor_26/26_01_01_01_bath_ps.wav,ps
data/training/Actor_26/26_01_01_01_ripe_ps.wav,ps
data/training/Actor_26/26_01_01_01_wheat_ps.wav,ps
data/training/Actor_26/26_01_01_01_turn_ps.wav,ps
data/training/Actor_26/26_01_01_01_take_ps.wav,ps
data/training/Actor_26/26_01_01_01_met_ps.wav,ps
data/training/Actor_26/26_01_01_01_pain_ps.wav,ps
data/training/Actor_26/26_01_01_01_thin_ps.wav,ps
data/training/Actor_26/26_01_01_01_pike_ps.wav,ps
data/training/Actor_26/26_01_01_01_lose_ps.wav,ps
data/training/Actor_26/26_01_01_01_size_ps.wav,ps
data/training/Actor_26/26_01_01_01_fall_ps.wav,ps
data/training/Actor_26/26_01_01_01_time_ps.wav,ps
data/training/Actor_26/26_01_01_01_vote_ps.wav,ps
data/training/Actor_26/26_01_01_01_youth_ps.wav,ps
data/training/Actor_26/26_01_01_01_beg_ps.wav,ps
data/training/Actor_26/26_01_01_01_loaf_ps.wav,ps
data/training/Actor_26/26_01_01_01_cab_ps.wav,ps
data/training/Actor_26/26_01_01_01_rose_ps.wav,ps
data/training/Actor_26/26_01_01_01_lore_ps.wav,ps
data/training/Actor_26/26_01_01_01_road_ps.wav,ps
data/training/Actor_26/26_01_01_01_sheep_ps.wav,ps
data/training/Actor_26/26_01_01_01_rag_ps.wav,ps
data/training/Actor_26/26_01_01_01_name_ps.wav,ps
data/training/Actor_26/26_01_01_01_hit_ps.wav,ps
data/training/Actor_26/26_01_01_01_read_ps.wav,ps
data/training/Actor_26/26_01_01_01_mode_ps.wav,ps
data/training/Actor_26/26_01_01_01_luck_ps.wav,ps
data/training/Actor_26/26_01_01_01_ton_ps.wav,ps
data/training/Actor_26/26_01_01_01_pad_ps.wav,ps
data/training/Actor_26/26_01_01_01_when_ps.wav,ps
data/training/Actor_26/26_01_01_01_bite_ps.wav,ps
data/training/Actor_26/26_01_01_01_voice_ps.wav,ps
data/training/Actor_26/26_01_01_01_dodge_ps.wav,ps
data/training/Actor_26/26_01_01_01_dip_ps.wav,ps
data/training/Actor_26/26_01_01_01_thought_ps.wav,ps
data/training/Actor_26/26_01_01_01_deep_ps.wav,ps
data/training/Actor_26/26_01_01_01_came_ps.wav,ps
data/training/Actor_26/26_01_01_01_phone_ps.wav,ps
data/training/Actor_26/26_01_01_01_dog_ps.wav,ps
data/training/Actor_26/26_01_01_01_mop_ps.wav,ps
data/training/Actor_26/26_01_01_01_back_ps.wav,ps
data/training/Actor_26/26_01_01_01_hush_ps.wav,ps
data/training/Actor_26/26_01_01_01_sell_ps.wav,ps
data/training/Actor_26/26_01_01_01_gun_ps.wav,ps
data/training/Actor_26/26_01_01_01_knock_ps.wav,ps
data/training/Actor_26/26_01_01_01_limb_ps.wav,ps
data/training/Actor_26/26_01_01_01_numb_ps.wav,ps
data/training/Actor_26/26_01_01_01_home_ps.wav,ps
data/training/Actor_26/26_01_01_01_raid_ps.wav,ps
data/training/Actor_26/26_01_01_01_match_ps.wav,ps
data/training/Actor_26/26_01_01_01_vine_ps.wav,ps
data/training/Actor_26/26_01_01_01_tip_ps.wav,ps
data/training/Actor_26/26_01_01_01_fat_ps.wav,ps
data/training/Actor_26/26_01_01_01_gin_ps.wav,ps
data/training/Actor_26/26_01_01_01_thumb_ps.wav,ps
data/training/Actor_26/26_01_01_01_kick_ps.wav,ps
data/training/Actor_26/26_01_01_01_burn_ps.wav,ps
data/training/Actor_26/26_01_01_01_chair_ps.wav,ps
data/training/Actor_26/26_01_01_01_mood_ps.wav,ps
data/training/Actor_26/26_01_01_01_check_ps.wav,ps
data/training/Actor_26/26_01_01_01_fail_ps.wav,ps
data/training/Actor_26/26_01_01_01_juice_ps.wav,ps
data/training/Actor_26/26_01_01_01_food_ps.wav,ps
data/training/Actor_26/26_01_01_01_reach_ps.wav,ps
data/training/Actor_26/26_01_01_01_rat_ps.wav,ps
data/training/Actor_26/26_01_01_01_jar_ps.wav,ps
data/training/Actor_26/26_01_01_01_laud_ps.wav,ps
data/training/Actor_26/26_01_01_01_perch_ps.wav,ps
data/training/Actor_26/26_01_01_01_hire_ps.wav,ps
data/training/Actor_26/26_01_01_01_book_ps.wav,ps
data/training/Actor_26/26_01_01_01_sub_ps.wav,ps
data/training/Actor_26/26_01_01_01_team_ps.wav,ps
data/training/Actor_26/26_01_01_01_such_ps.wav,ps
data/training/Actor_26/26_01_01_01_pole_ps.wav,ps
data/training/Actor_26/26_01_01_01_sail_ps.wav,ps
data/training/Actor_26/26_01_01_01_bone_ps.wav,ps
data/training/Actor_26/26_01_01_01_fit_ps.wav,ps
data/training/Actor_26/26_01_01_01_love_ps.wav,ps
data/training/Actor_26/26_01_01_01_puff_ps.wav,ps
data/training/Actor_26/26_01_01_01_tool_ps.wav,ps
data/training/Actor_26/26_01_01_01_neat_ps.wav,ps
data/training/Actor_26/26_01_01_01_five_ps.wav,ps
data/training/Actor_26/26_01_01_01_hole_ps.wav,ps
data/training/Actor_26/26_01_01_01_dime_ps.wav,ps
data/training/Actor_26/26_01_01_01_dead_ps.wav,ps
data/training/Actor_26/26_01_01_01_keen_ps.wav,ps
data/training/Actor_26/26_01_01_01_shack_ps.wav,ps
data/training/Actor_26/26_01_01_01_goose_ps.wav,ps
data/training/Actor_26/26_01_01_01_wag_ps.wav,ps
data/training/Actor_26/26_01_01_01_yes_ps.wav,ps
data/training/Actor_26/26_01_01_01_gaze_ps.wav,ps
data/training/Actor_26/26_01_01_01_shall_ps.wav,ps
data/training/Actor_26/26_01_01_01_bean_ps.wav,ps
data/training/Actor_26/26_01_01_01_said_ps.wav,ps
data/training/Actor_26/26_01_01_01_mill_ps.wav,ps
data/training/Actor_26/26_01_01_01_kite_ps.wav,ps
data/training/Actor_26/26_01_01_01_raise_ps.wav,ps
data/training/Actor_26/26_01_01_01_moon_ps.wav,ps
data/training/Actor_26/26_01_01_01_chat_ps.wav,ps
data/training/Actor_26/26_01_01_01_live_ps.wav,ps
data/training/Actor_26/26_01_01_01_lease_ps.wav,ps
data/training/Actor_26/26_01_01_01_whip_ps.wav,ps
data/training/Actor_26/26_01_01_01_wire_ps.wav,ps
data/training/Actor_26/26_01_01_01_seize_ps.wav,ps
data/training/Actor_26/26_01_01_01_far_ps.wav,ps
data/training/Actor_26/26_01_01_01_rain_ps.wav,ps
data/training/Actor_26/26_01_01_01_chief_ps.wav,ps
data/training/Actor_26/26_01_01_01_lid_ps.wav,ps
data/training/Actor_26/26_01_01_01_wash_ps.wav,ps
data/training/Actor_26/26_01_01_01_tape_ps.wav,ps
data/training/Actor_26/26_01_01_01_white_ps.wav,ps
data/training/Actor_26/26_01_01_01_hurl_ps.wav,ps
data/training/Actor_26/26_01_01_01_gap_ps.wav,ps
data/training/Actor_26/26_01_01_01_nag_ps.wav,ps
data/training/Actor_26/26_01_01_01_shout_ps.wav,ps
data/training/Actor_26/26_01_01_01_tough_ps.wav,ps
data/training/Actor_26/26_01_01_01_void_ps.wav,ps
data/training/Actor_26/26_01_01_01_good_ps.wav,ps
data/training/Actor_26/26_01_01_01_wife_ps.wav,ps
data/training/Actor_26/26_01_01_01_witch_ps.wav,ps
data/training/Actor_26/26_01_01_01_boat_ps.wav,ps
data/training/Actor_26/26_01_01_01_death_ps.wav,ps
data/training/Actor_26/26_01_01_01_search_ps.wav,ps
data/training/Actor_26/26_01_01_01_tell_ps.wav,ps
data/training/Actor_26/26_01_01_01_kill_ps.wav,ps
data/training/Actor_26/26_01_01_01_keep_ps.wav,ps
data/training/Actor_26/26_01_01_01_jail_ps.wav,ps
data/training/Actor_26/26_01_01_01_near_ps.wav,ps
data/training/Actor_26/26_01_01_01_ditch_ps.wav,ps
data/training/Actor_26/26_01_01_01_chalk_ps.wav,ps
data/training/Actor_26/26_01_01_01_week_ps.wav,ps
data/training/Actor_26/26_01_01_01_keg_ps.wav,ps
data/training/Actor_26/26_01_01_01_yearn_ps.wav,ps
data/training/Actor_26/26_01_01_01_chain_ps.wav,ps
data/training/Actor_26/26_01_01_01_sure_ps.wav,ps
data/training/Actor_26/26_01_01_01_should_ps.wav,ps
data/training/Actor_26/26_01_01_01_date_ps.wav,ps
data/training/Actor_26/26_01_01_01_talk_ps.wav,ps
data/training/Actor_19/19_01_01_02_dogs-sitting_ps.wav,ps
data/training/Actor_19/19_01_01_01_dogs-sitting_ps.wav,ps
data/training/Actor_19/19_01_02_01_dogs-sitting_ps.wav,ps
data/training/Actor_19/19_01_02_02_dogs-sitting_ps.wav,ps
data/training/Actor_19/19_01_01_02_kids-talking_ps.wav,ps
data/training/Actor_19/19_01_01_01_kids-talking_ps.wav,ps
data/training/Actor_19/19_01_02_01_kids-talking_ps.wav,ps
data/training/Actor_19/19_01_02_02_kids-talking_ps.wav,ps
data/training/Actor_10/10_01_01_02_kids-talking_ps.wav,ps
data/training/Actor_10/10_01_01_01_kids-talking_ps.wav,ps
data/training/Actor_10/10_01_02_01_kids-talking_ps.wav,ps
data/training/Actor_10/10_01_02_02_kids-talking_ps.wav,ps
data/training/Actor_10/10_01_01_02_dogs-sitting_ps.wav,ps
data/training/Actor_10/10_01_01_01_dogs-sitting_ps.wav,ps
data/training/Actor_10/10_01_02_01_dogs-sitting_ps.wav,ps
data/training/Actor_10/10_01_02_02_dogs-sitting_ps.wav,ps
data/training/Actor_04/04_01_02_01_dogs-sitting_ps.wav,ps
data/training/Actor_04/04_01_02_02_dogs-sitting_ps.wav,ps
data/training/Actor_04/04_01_01_02_dogs-sitting_ps.wav,ps
data/training/Actor_04/04_01_01_01_dogs-sitting_ps.wav,ps
data/training/Actor_04/04_01_02_01_kids-talking_ps.wav,ps
data/training/Actor_04/04_01_02_02_kids-talking_ps.wav,ps
data/training/Actor_04/04_01_01_02_kids-talking_ps.wav,ps
data/training/Actor_04/04_01_01_01_kids-talking_ps.wav,ps
data/training/Actor_03/03_01_02_01_kids-talking_ps.wav,ps
data/training/Actor_03/03_01_02_02_kids-talking_ps.wav,ps
data/training/Actor_03/03_01_01_02_kids-talking_ps.wav,ps
data/training/Actor_03/03_01_01_01_kids-talking_ps.wav,ps
data/training/Actor_03/03_01_02_01_dogs-sitting_ps.wav,ps
data/training/Actor_03/03_01_02_02_dogs-sitting_ps.wav,ps
data/training/Actor_03/03_01_01_02_dogs-sitting_ps.wav,ps
data/training/Actor_03/03_01_01_01_dogs-sitting_ps.wav,ps
data/training/Actor_02/02_01_01_02_dogs-sitting_ps.wav,ps
data/training/Actor_02/02_01_01_01_dogs-sitting_ps.wav,ps
data/training/Actor_02/02_01_02_01_dogs-sitting_ps.wav,ps
data/training/Actor_02/02_01_02_02_dogs-sitting_ps.wav,ps
data/training/Actor_02/02_01_01_02_kids-talking_ps.wav,ps
data/training/Actor_02/02_01_01_01_kids-talking_ps.wav,ps
data/training/Actor_02/02_01_02_01_kids-talking_ps.wav,ps
data/training/Actor_02/02_01_02_02_kids-talking_ps.wav,ps
data/training/Actor_05/05_01_01_02_kids-talking_ps.wav,ps
data/training/Actor_05/05_01_01_01_kids-talking_ps.wav,ps
data/training/Actor_05/05_01_02_01_kids-talking_ps.wav,ps
data/training/Actor_05/05_01_02_02_kids-talking_ps.wav,ps
data/training/Actor_05/05_01_01_02_dogs-sitting_ps.wav,ps
data/training/Actor_05/05_01_01_01_dogs-sitting_ps.wav,ps
data/training/Actor_05/05_01_02_01_dogs-sitting_ps.wav,ps
data/training/Actor_05/05_01_02_02_dogs-sitting_ps.wav,ps
data/training/Actor_12/12_01_01_01_dogs-sitting_ps.wav,ps
data/training/Actor_12/12_01_01_02_dogs-sitting_ps.wav,ps
data/training/Actor_12/12_01_02_02_dogs-sitting_ps.wav,ps
data/training/Actor_12/12_01_02_01_dogs-sitting_ps.wav,ps
data/training/Actor_12/12_01_01_01_kids-talking_ps.wav,ps
data/training/Actor_12/12_01_01_02_kids-talking_ps.wav,ps
data/training/Actor_12/12_01_02_02_kids-talking_ps.wav,ps
data/training/Actor_12/12_01_02_01_kids-talking_ps.wav,ps
data/training/Actor_23/23_01_01_01_dogs-sitting_ps.wav,ps
data/training/Actor_23/23_01_01_02_dogs-sitting_ps.wav,ps
data/training/Actor_23/23_01_02_02_dogs-sitting_ps.wav,ps
data/training/Actor_23/23_01_02_01_dogs-sitting_ps.wav,ps
data/training/Actor_23/23_01_01_01_kids-talking_ps.wav,ps
data/training/Actor_23/23_01_01_02_kids-talking_ps.wav,ps
data/training/Actor_23/23_01_02_02_kids-talking_ps.wav,ps
data/training/Actor_23/23_01_02_01_kids-talking_ps.wav,ps
data/training/Actor_24/24_01_01_01_kids-talking_ps.wav,ps
data/training/Actor_24/24_01_01_02_kids-talking_ps.wav,ps
data/training/Actor_24/24_01_02_02_kids-talking_ps.wav,ps
data/training/Actor_24/24_01_02_01_kids-talking_ps.wav,ps
data/training/Actor_24/24_01_01_01_dogs-sitting_ps.wav,ps
data/training/Actor_24/24_01_01_02_dogs-sitting_ps.wav,ps
data/training/Actor_24/24_01_02_02_dogs-sitting_ps.wav,ps
data/training/Actor_24/24_01_02_01_dogs-sitting_ps.wav,ps
data/training/Actor_25/25_01_01_01_sure_ps.wav,ps
data/training/Actor_25/25_01_01_01_talk_ps.wav,ps
data/training/Actor_25/25_01_01_01_thought_ps.wav,ps
data/training/Actor_25/25_01_01_01_goose_ps.wav,ps
data/training/Actor_25/25_01_01_01_shack_ps.wav,ps
data/training/Actor_25/25_01_01_01_jail_ps.wav,ps
data/training/Actor_25/25_01_01_01_near_ps.wav,ps
data/training/Actor_25/25_01_01_01_week_ps.wav,ps
data/training/Actor_25/25_01_01_01_lot_ps.wav,ps
data/training/Actor_25/25_01_01_01_peg_ps.wav,ps
data/training/Actor_25/25_01_01_01_red_ps.wav,ps
data/training/Actor_25/25_01_01_01_keep_ps.wav,ps
data/training/Actor_25/25_01_01_01_kill_ps.wav,ps
data/training/Actor_25/25_01_01_01_tell_ps.wav,ps
data/training/Actor_25/25_01_01_01_jug_ps.wav,ps
data/training/Actor_25/25_01_01_01_perch_ps.wav,ps
data/training/Actor_25/25_01_01_01_void_ps.wav,ps
data/training/Actor_25/25_01_01_01_good_ps.wav,ps
data/training/Actor_25/25_01_01_01_juice_ps.wav,ps
data/training/Actor_25/25_01_01_01_wife_ps.wav,ps
data/training/Actor_25/25_01_01_01_reach_ps.wav,ps
data/training/Actor_25/25_01_01_01_half_ps.wav,ps
data/training/Actor_25/25_01_01_01_rain_ps.wav,ps
data/training/Actor_25/25_01_01_01_wash_ps.wav,ps
data/training/Actor_25/25_01_01_01_tape_ps.wav,ps
data/training/Actor_25/25_01_01_01_hurl_ps.wav,ps
data/training/Actor_25/25_01_01_01_wire_ps.wav,ps
data/training/Actor_25/25_01_01_01_thumb_ps.wav,ps
data/training/Actor_25/25_01_01_01_mob_ps.wav,ps
data/training/Actor_25/25_01_01_01_have_ps.wav,ps
data/training/Actor_25/25_01_01_01_rot_ps.wav,ps
data/training/Actor_25/25_01_01_01_whip_ps.wav,ps
data/training/Actor_25/25_01_01_01_live_ps.wav,ps
data/training/Actor_25/25_01_01_01_said_ps.wav,ps
data/training/Actor_25/25_01_01_01_match_ps.wav,ps
data/training/Actor_25/25_01_01_01_knock_ps.wav,ps
data/training/Actor_25/25_01_01_01_mill_ps.wav,ps
data/training/Actor_25/25_01_01_01_kite_ps.wav,ps
data/training/Actor_25/25_01_01_01_moon_ps.wav,ps
data/training/Actor_25/25_01_01_01_keen_ps.wav,ps
data/training/Actor_25/25_01_01_01_yearn_ps.wav,ps
data/training/Actor_25/25_01_01_01_gaze_ps.wav,ps
data/training/Actor_25/25_01_01_01_hole_ps.wav,ps
data/training/Actor_25/25_01_01_01_five_ps.wav,ps
data/training/Actor_25/25_01_01_01_met_ps.wav,ps
data/training/Actor_25/25_01_01_01_gas_ps.wav,ps
data/training/Actor_25/25_01_01_01_witch_ps.wav,ps
data/training/Actor_25/25_01_01_01_team_ps.wav,ps
data/training/Actor_25/25_01_01_01_sail_ps.wav,ps
data/training/Actor_25/25_01_01_01_such_ps.wav,ps
data/training/Actor_25/25_01_01_01_pole_ps.wav,ps
data/training/Actor_25/25_01_01_01_love_ps.wav,ps
data/training/Actor_25/25_01_01_01_hate_ps.wav,ps
data/training/Actor_25/25_01_01_01_puff_ps.wav,ps
data/training/Actor_25/25_01_01_01_neat_ps.wav,ps
data/training/Actor_25/25_01_01_01_tool_ps.wav,ps
data/training/Actor_25/25_01_01_01_hash_ps.wav,ps
data/training/Actor_25/25_01_01_01_food_ps.wav,ps
data/training/Actor_25/25_01_01_01_get_ps.wav,ps
data/training/Actor_25/25_01_01_01_shout_ps.wav,ps
data/training/Actor_25/25_01_01_01_tough_ps.wav,ps
data/training/Actor_25/25_01_01_01_laud_ps.wav,ps
data/training/Actor_25/25_01_01_01_hire_ps.wav,ps
data/training/Actor_25/25_01_01_01_white_ps.wav,ps
data/training/Actor_25/25_01_01_01_mop_ps.wav,ps
data/training/Actor_25/25_01_01_01_mood_ps.wav,ps
data/training/Actor_25/25_01_01_01_seize_ps.wav,ps
data/training/Actor_25/25_01_01_01_pad_ps.wav,ps
data/training/Actor_25/25_01_01_01_kick_ps.wav,ps
data/training/Actor_25/25_01_01_01_ton_ps.wav,ps
data/training/Actor_25/25_01_01_01_hit_ps.wav,ps
data/training/Actor_25/25_01_01_01_lease_ps.wav,ps
data/training/Actor_25/25_01_01_01_rag_ps.wav,ps
data/training/Actor_25/25_01_01_01_hush_ps.wav,ps
data/training/Actor_25/25_01_01_01_sell_ps.wav,ps
data/training/Actor_25/25_01_01_01_home_ps.wav,ps
data/training/Actor_25/25_01_01_01_numb_ps.wav,ps
data/training/Actor_25/25_01_01_01_raise_ps.wav,ps
data/training/Actor_25/25_01_01_01_limb_ps.wav,ps
data/training/Actor_25/25_01_01_01_hall_ps.wav,ps
data/training/Actor_25/25_01_01_01_raid_ps.wav,ps
data/training/Actor_25/25_01_01_01_shall_ps.wav,ps
data/training/Actor_25/25_01_01_01_vine_ps.wav,ps
data/training/Actor_25/25_01_01_01_rough_ps.wav,ps
data/training/Actor_25/25_01_01_01_learn_ps.wav,ps
data/training/Actor_25/25_01_01_01_mouse_ps.wav,ps
data/training/Actor_25/25_01_01_01_mode_ps.wav,ps
data/training/Actor_25/25_01_01_01_read_ps.wav,ps
data/training/Actor_25/25_01_01_01_south_ps.wav,ps
data/training/Actor_25/25_01_01_01_luck_ps.wav,ps
data/training/Actor_25/25_01_01_01_gin_ps.wav,ps
data/training/Actor_25/25_01_01_01_when_ps.wav,ps
data/training/Actor_25/25_01_01_01_fat_ps.wav,ps
data/training/Actor_25/25_01_01_01_name_ps.wav,ps
data/training/Actor_25/25_01_01_01_tip_ps.wav,ps
data/training/Actor_25/25_01_01_01_loaf_ps.wav,ps
data/training/Actor_25/25_01_01_01_rose_ps.wav,ps
data/training/Actor_25/25_01_01_01_gun_ps.wav,ps
data/training/Actor_25/25_01_01_01_which_ps.wav,ps
data/training/Actor_25/25_01_01_01_road_ps.wav,ps
data/training/Actor_25/25_01_01_01_lore_ps.wav,ps
data/training/Actor_25/25_01_01_01_time_ps.wav,ps
data/training/Actor_25/25_01_01_01_judge_ps.wav,ps
data/training/Actor_25/25_01_01_01_shirt_ps.wav,ps
data/training/Actor_25/25_01_01_01_yes_ps.wav,ps
data/training/Actor_25/25_01_01_01_vote_ps.wav,ps
data/training/Actor_25/25_01_01_01_wag_ps.wav,ps
data/training/Actor_25/25_01_01_01_turn_ps.wav,ps
data/training/Actor_25/25_01_01_01_pain_ps.wav,ps
data/training/Actor_25/25_01_01_01_take_ps.wav,ps
data/training/Actor_25/25_01_01_01_ripe_ps.wav,ps
data/training/Actor_25/25_01_01_01_thin_ps.wav,ps
data/training/Actor_25/25_01_01_01_pike_ps.wav,ps
data/training/Actor_25/25_01_01_01_merge_ps.wav,ps
data/training/Actor_25/25_01_01_01_lose_ps.wav,ps
data/training/Actor_25/25_01_01_01_size_ps.wav,ps
data/training/Actor_25/25_01_01_01_sub_ps.wav,ps
data/training/Actor_25/25_01_01_01_king_ps.wav,ps
data/training/Actor_25/25_01_01_01_fit_ps.wav,ps
data/training/Actor_25/25_01_01_01_long_ps.wav,ps
data/training/Actor_25/25_01_01_01_note_ps.wav,ps
data/training/Actor_25/25_01_01_01_third_ps.wav,ps
data/training/Actor_25/25_01_01_01_nice_ps.wav,ps
data/training/Actor_25/25_01_01_01_pick_ps.wav,ps
data/training/Actor_25/25_01_01_01_jar_ps.wav,ps
data/training/Actor_25/25_01_01_01_rat_ps.wav,ps
data/training/Actor_25/25_01_01_01_phone_ps.wav,ps
data/training/Actor_25/25_01_01_01_mess_ps.wav,ps
data/training/Actor_25/25_01_01_01_lid_ps.wav,ps
data/training/Actor_25/25_01_01_01_walk_ps.wav,ps
data/training/Actor_25/25_01_01_01_voice_ps.wav,ps
data/training/Actor_25/25_01_01_01_life_ps.wav,ps
data/training/Actor_25/25_01_01_01_should_ps.wav,ps
data/training/Actor_25/25_01_01_01_sour_ps.wav,ps
data/training/Actor_25/25_01_01_01_soap_ps.wav,ps
data/training/Actor_25/25_01_01_01_germ_ps.wav,ps
data/training/Actor_25/25_01_01_01_search_ps.wav,ps
data/training/Actor_25/25_01_01_01_sheep_ps.wav,ps
data/training/Actor_25/25_01_01_01_haze_ps.wav,ps
data/training/Actor_25/25_01_01_01_youth_ps.wav,ps
data/training/Actor_25/25_01_01_01_lean_ps.wav,ps
data/training/Actor_25/25_01_01_01_keg_ps.wav,ps
data/training/Actor_25/25_01_01_01_room_ps.wav,ps
data/training/Actor_25/25_01_01_01_page_ps.wav,ps
data/training/Actor_25/25_01_01_01_tire_ps.wav,ps
data/training/Actor_25/25_01_01_01_soup_ps.wav,ps
data/training/Actor_25/25_01_01_01_ring_ps.wav,ps
data/training/Actor_25/25_01_01_01_rush_ps.wav,ps
data/training/Actor_25/25_01_01_01_pass_ps.wav,ps
data/training/Actor_25/25_01_01_01_wheat_ps.wav,ps
data/training/Actor_25/25_01_01_01_shawl_ps.wav,ps
data/training/Actor_25/25_01_01_01_pool_ps.wav,ps
data/training/Actor_25/25_01_01_01_pearl_ps.wav,ps
data/training/Actor_25/25_01_01_01_late_ps.wav,ps
data/training/Actor_25/25_01_01_01_young_ps.wav,ps
data/training/Actor_25/25_01_01_01_make_ps.wav,ps
data/training/Actor_25/25_01_01_01_nag_ps.wav,ps
data/training/Actor_25/25_01_01_01_gap_ps.wav,ps
data/training/Actor_25/25_01_01_01_join_ps.wav,ps
data/training/Actor_25/25_01_01_01_goal_ps.wav,ps
data/training/Actor_22/22_01_02_02_kids-talking_ps.wav,ps
data/training/Actor_22/22_01_02_01_kids-talking_ps.wav,ps
data/training/Actor_22/22_01_01_01_kids-talking_ps.wav,ps
data/training/Actor_22/22_01_01_02_kids-talking_ps.wav,ps
data/training/Actor_22/22_01_02_02_dogs-sitting_ps.wav,ps
data/training/Actor_22/22_01_02_01_dogs-sitting_ps.wav,ps
data/training/Actor_22/22_01_01_01_dogs-sitting_ps.wav,ps
data/training/Actor_22/22_01_01_02_dogs-sitting_ps.wav,ps
data/training/Actor_13/13_01_02_02_kids-talking_ps.wav,ps
data/training/Actor_13/13_01_02_01_kids-talking_ps.wav,ps
data/training/Actor_13/13_01_01_01_kids-talking_ps.wav,ps
data/training/Actor_13/13_01_01_02_kids-talking_ps.wav,ps
data/training/Actor_13/13_01_02_02_dogs-sitting_ps.wav,ps
data/training/Actor_13/13_01_02_01_dogs-sitting_ps.wav,ps
data/training/Actor_13/13_01_01_01_dogs-sitting_ps.wav,ps
data/training/Actor_13/13_01_01_02_dogs-sitting_ps.wav,ps
data/training/Actor_09/09_01_01_01_dogs-sitting_ps.wav,ps
data/training/Actor_09/09_01_01_02_dogs-sitting_ps.wav,ps
data/training/Actor_09/09_01_02_02_dogs-sitting_ps.wav,ps
data/training/Actor_09/09_01_02_01_dogs-sitting_ps.wav,ps
data/training/Actor_09/09_01_01_01_kids-talking_ps.wav,ps
data/training/Actor_09/09_01_01_02_kids-talking_ps.wav,ps
data/training/Actor_09/09_01_02_02_kids-talking_ps.wav,ps
data/training/Actor_09/09_01_02_01_kids-talking_ps.wav,ps
data/training/Actor_07/07_01_01_01_dogs-sitting_ps.wav,ps
data/training/Actor_07/07_01_01_02_dogs-sitting_ps.wav,ps
data/training/Actor_07/07_01_02_02_dogs-sitting_ps.wav,ps
data/training/Actor_07/07_01_02_01_dogs-sitting_ps.wav,ps
data/training/Actor_07/07_01_01_01_kids-talking_ps.wav,ps
data/training/Actor_07/07_01_01_02_kids-talking_ps.wav,ps
data/training/Actor_07/07_01_02_02_kids-talking_ps.wav,ps
data/training/Actor_07/07_01_02_01_kids-talking_ps.wav,ps
data/training/Actor_06/06_01_02_02_kids-talking_ps.wav,ps
data/training/Actor_06/06_01_02_01_kids-talking_ps.wav,ps
data/training/Actor_06/06_01_01_01_kids-talking_ps.wav,ps
data/training/Actor_06/06_01_01_02_kids-talking_ps.wav,ps
data/training/Actor_06/06_01_02_02_dogs-sitting_ps.wav,ps
data/training/Actor_06/06_01_02_01_dogs-sitting_ps.wav,ps
data/training/Actor_06/06_01_01_01_dogs-sitting_ps.wav,ps
data/training/Actor_06/06_01_01_02_dogs-sitting_ps.wav,ps
data/training/Actor_01/01_01_02_02_dogs-sitting_ps.wav,ps
data/training/Actor_01/01_01_02_01_dogs-sitting_ps.wav,ps
data/training/Actor_01/01_01_01_01_dogs-sitting_ps.wav,ps
data/training/Actor_01/01_01_01_02_dogs-sitting_ps.wav,ps
data/training/Actor_01/01_01_02_02_kids-talking_ps.wav,ps
data/training/Actor_01/01_01_02_01_kids-talking_ps.wav,ps
data/training/Actor_01/01_01_01_01_kids-talking_ps.wav,ps
data/training/Actor_01/01_01_01_02_kids-talking_ps.wav,ps
data/training/Actor_08/08_01_02_02_kids-talking_ps.wav,ps
data/training/Actor_08/08_01_02_01_kids-talking_ps.wav,ps
data/training/Actor_08/08_01_01_01_kids-talking_ps.wav,ps
data/training/Actor_08/08_01_01_02_kids-talking_ps.wav,ps
data/training/Actor_08/08_01_02_02_dogs-sitting_ps.wav,ps
data/training/Actor_08/08_01_02_01_dogs-sitting_ps.wav,ps
data/training/Actor_08/08_01_01_01_dogs-sitting_ps.wav,ps
data/training/Actor_08/08_01_01_02_dogs-sitting_ps.wav,ps
